"2837 Piazza Belts","2837 Piazza Belts.gif","2837 Piazza Belts.txt",""<br></br>
"2837 Piazza Defences","2837 Piazza Defences.gif","2837 Piazza Defences.txt",""<br></br>
"2837 Piazza Gas Giants","2837 Piazza Gas Giants.gif","2837 Piazza Gas Giants.txt",""<br></br>
"2837 Piazza Population","2837 Piazza Population.gif","2837 Piazza Population.txt",""<br></br>
"2837 Piazza SDBs","2837 Piazza SDBs.gif","2837 Piazza SDBs.txt",""<br></br>
"2837 Piazza Squadrons","2837 Piazza Squadrons.gif","2837 Piazza Squadrons.txt",""<br></br>
"2837 Piazza Troops","2837 Piazza Troops.gif","2837 Piazza Troops.txt",""<br></br>
"2837 Piazza World","2837 Piazza World.gif","2837 Piazza World.txt",""<br></br>
"2837 Piazza Worlds","2837 Piazza Worlds.gif","2837 Piazza Worlds.txt",""<br></br>
"2837 Piazza","2837 Piazza.gif","2837 Piazza.txt",""<br></br>
"2837-Admiral","2837-Admiral.gif","2837-Admiral.txt",""<br></br>
"2837-Army","2837-Army.gif","2837-Army.txt",""<br></br>
"2837-Belts","2837-Belts.gif","2837-Belts.txt",""<br></br>
"2837-Blank","2837-Blank.gif","2837-Blank.txt",""<br></br>
"2837-Defences","2837-Defences.gif","2837-Defences.txt",""<br></br>
"2837-Equipment-2837 Piazza","2837-Equipment-2837 Piazza.gif","2837-Equipment-2837 Piazza.txt",""<br></br>
"2837-Fleet","2837-Fleet.gif","2837-Fleet.txt",""<br></br>
"2837-Gas Giants","2837-Gas Giants.gif","2837-Gas Giants.txt",""<br></br>
"2837-Maps","2837-Maps.gif","2837-Maps.txt",""<br></br>
"2837-Marine","2837-Marine.gif","2837-Marine.txt",""<br></br>
"2837-Merchant","2837-Merchant.gif","2837-Merchant.txt",""<br></br>
"2837-Navy","2837-Navy.gif","2837-Navy.txt",""<br></br>
"2837-Orbitals","2837-Orbitals.gif","2837-Orbitals.txt",""<br></br>
"2837-Orbits","2837-Orbits.gif","2837-Orbits.txt",""<br></br>
"2837-Other","2837-Other.gif","2837-Other.txt",""<br></br>
"2837-Planets","2837-Planets.gif","2837-Planets.txt",""<br></br>
"2837-Population","2837-Population.gif","2837-Population.txt",""<br></br>
"2837-Scout","2837-Scout.gif","2837-Scout.txt",""<br></br>
"2837-SDBs","2837-SDBs.gif","2837-SDBs.txt",""<br></br>
"2837-Ship-2837 Piazza","2837-Ship-2837 Piazza.gif","2837-Ship-2837 Piazza.txt",""<br></br>
"2837-Squadron","2837-Squadron.gif","2837-Squadron.txt",""<br></br>
"2837-Squadrons","2837-Squadrons.gif","2837-Squadrons.txt",""<br></br>
"2837-Stars","2837-Stars.gif","2837-Stars.txt",""<br></br>
"2837-Subsector","2837-Subsector.gif","2837-Subsector.txt",""<br></br>
"2837-System","2837-System.gif","2837-System.txt",""<br></br>
"2837-T5C-2837 Piazza","2837-T5C-2837 Piazza.gif","2837-T5C-2837 Piazza.txt",""<br></br>
"2837-Troop","2837-Troop.gif","2837-Troop.txt",""<br></br>
"2837-Troops","2837-Troops.gif","2837-Troops.txt",""<br></br>
"2837-UWP","2837-UWP.gif","2837-UWP.txt",""<br></br>
"2837-Vehicle-2837 Piazza","2837-Vehicle-2837 Piazza.gif","2837-Vehicle-2837 Piazza.txt",""<br></br>
"2837-Worlds","2837-Worlds.gif","2837-Worlds.txt",""<br></br>
"Vland Sector","Vland Sector.gif","Vland Sector.txt",""<br></br>
