"2839 Zombagu Belts","2839 Zombagu Belts.gif","2839 Zombagu Belts.txt",""<br></br>
"2839 Zombagu Defences","2839 Zombagu Defences.gif","2839 Zombagu Defences.txt",""<br></br>
"2839 Zombagu Gas Giants","2839 Zombagu Gas Giants.gif","2839 Zombagu Gas Giants.txt",""<br></br>
"2839 Zombagu Population","2839 Zombagu Population.gif","2839 Zombagu Population.txt",""<br></br>
"2839 Zombagu SDBs","2839 Zombagu SDBs.gif","2839 Zombagu SDBs.txt",""<br></br>
"2839 Zombagu Squadrons","2839 Zombagu Squadrons.gif","2839 Zombagu Squadrons.txt",""<br></br>
"2839 Zombagu Troops","2839 Zombagu Troops.gif","2839 Zombagu Troops.txt",""<br></br>
"2839 Zombagu World","2839 Zombagu World.gif","2839 Zombagu World.txt",""<br></br>
"2839 Zombagu Worlds","2839 Zombagu Worlds.gif","2839 Zombagu Worlds.txt",""<br></br>
"2839 Zombagu","2839 Zombagu.gif","2839 Zombagu.txt",""<br></br>
"2839-Admiral","2839-Admiral.gif","2839-Admiral.txt",""<br></br>
"2839-Army","2839-Army.gif","2839-Army.txt",""<br></br>
"2839-Belts","2839-Belts.gif","2839-Belts.txt",""<br></br>
"2839-Blank","2839-Blank.gif","2839-Blank.txt",""<br></br>
"2839-Defences","2839-Defences.gif","2839-Defences.txt",""<br></br>
"2839-Equipment-2839 Zombagu","2839-Equipment-2839 Zombagu.gif","2839-Equipment-2839 Zombagu.txt",""<br></br>
"2839-Fleet","2839-Fleet.gif","2839-Fleet.txt",""<br></br>
"2839-Gas Giants","2839-Gas Giants.gif","2839-Gas Giants.txt",""<br></br>
"2839-Maps","2839-Maps.gif","2839-Maps.txt",""<br></br>
"2839-Marine","2839-Marine.gif","2839-Marine.txt",""<br></br>
"2839-Merchant","2839-Merchant.gif","2839-Merchant.txt",""<br></br>
"2839-Navy","2839-Navy.gif","2839-Navy.txt",""<br></br>
"2839-Orbitals","2839-Orbitals.gif","2839-Orbitals.txt",""<br></br>
"2839-Orbits","2839-Orbits.gif","2839-Orbits.txt",""<br></br>
"2839-Other","2839-Other.gif","2839-Other.txt",""<br></br>
"2839-Planets","2839-Planets.gif","2839-Planets.txt",""<br></br>
"2839-Population","2839-Population.gif","2839-Population.txt",""<br></br>
"2839-Scout","2839-Scout.gif","2839-Scout.txt",""<br></br>
"2839-SDBs","2839-SDBs.gif","2839-SDBs.txt",""<br></br>
"2839-Ship-2839 Zombagu","2839-Ship-2839 Zombagu.gif","2839-Ship-2839 Zombagu.txt",""<br></br>
"2839-Squadron","2839-Squadron.gif","2839-Squadron.txt",""<br></br>
"2839-Squadrons","2839-Squadrons.gif","2839-Squadrons.txt",""<br></br>
"2839-Stars","2839-Stars.gif","2839-Stars.txt",""<br></br>
"2839-Subsector","2839-Subsector.gif","2839-Subsector.txt",""<br></br>
"2839-System","2839-System.gif","2839-System.txt",""<br></br>
"2839-T5C-2839 Zombagu","2839-T5C-2839 Zombagu.gif","2839-T5C-2839 Zombagu.txt",""<br></br>
"2839-Troop","2839-Troop.gif","2839-Troop.txt",""<br></br>
"2839-Troops","2839-Troops.gif","2839-Troops.txt",""<br></br>
"2839-UWP","2839-UWP.gif","2839-UWP.txt",""<br></br>
"2839-Vehicle-2839 Zombagu","2839-Vehicle-2839 Zombagu.gif","2839-Vehicle-2839 Zombagu.txt",""<br></br>
"2839-Worlds","2839-Worlds.gif","2839-Worlds.txt",""<br></br>
"Vland Sector","Vland Sector.gif","Vland Sector.txt",""<br></br>
