"3032 Matuyama Belts","3032 Matuyama Belts.gif","3032 Matuyama Belts.txt",""<br></br>
"3032 Matuyama Defences","3032 Matuyama Defences.gif","3032 Matuyama Defences.txt",""<br></br>
"3032 Matuyama Gas Giants","3032 Matuyama Gas Giants.gif","3032 Matuyama Gas Giants.txt",""<br></br>
"3032 Matuyama Population","3032 Matuyama Population.gif","3032 Matuyama Population.txt",""<br></br>
"3032 Matuyama SDBs","3032 Matuyama SDBs.gif","3032 Matuyama SDBs.txt",""<br></br>
"3032 Matuyama Squadrons","3032 Matuyama Squadrons.gif","3032 Matuyama Squadrons.txt",""<br></br>
"3032 Matuyama Troops","3032 Matuyama Troops.gif","3032 Matuyama Troops.txt",""<br></br>
"3032 Matuyama World","3032 Matuyama World.gif","3032 Matuyama World.txt",""<br></br>
"3032 Matuyama Worlds","3032 Matuyama Worlds.gif","3032 Matuyama Worlds.txt",""<br></br>
"3032 Matuyama","3032 Matuyama.gif","3032 Matuyama.txt",""<br></br>
"3032-Admiral","3032-Admiral.gif","3032-Admiral.txt",""<br></br>
"3032-Army","3032-Army.gif","3032-Army.txt",""<br></br>
"3032-Belts","3032-Belts.gif","3032-Belts.txt",""<br></br>
"3032-Blank","3032-Blank.gif","3032-Blank.txt",""<br></br>
"3032-Defences","3032-Defences.gif","3032-Defences.txt",""<br></br>
"3032-Equipment-3032 Matuyama","3032-Equipment-3032 Matuyama.gif","3032-Equipment-3032 Matuyama.txt",""<br></br>
"3032-Fleet","3032-Fleet.gif","3032-Fleet.txt",""<br></br>
"3032-Gas Giants","3032-Gas Giants.gif","3032-Gas Giants.txt",""<br></br>
"3032-Maps","3032-Maps.gif","3032-Maps.txt",""<br></br>
"3032-Marine","3032-Marine.gif","3032-Marine.txt",""<br></br>
"3032-Merchant","3032-Merchant.gif","3032-Merchant.txt",""<br></br>
"3032-Navy","3032-Navy.gif","3032-Navy.txt",""<br></br>
"3032-Orbitals","3032-Orbitals.gif","3032-Orbitals.txt",""<br></br>
"3032-Orbits","3032-Orbits.gif","3032-Orbits.txt",""<br></br>
"3032-Other","3032-Other.gif","3032-Other.txt",""<br></br>
"3032-Planets","3032-Planets.gif","3032-Planets.txt",""<br></br>
"3032-Population","3032-Population.gif","3032-Population.txt",""<br></br>
"3032-Scout","3032-Scout.gif","3032-Scout.txt",""<br></br>
"3032-SDBs","3032-SDBs.gif","3032-SDBs.txt",""<br></br>
"3032-Ship-3032 Matuyama","3032-Ship-3032 Matuyama.gif","3032-Ship-3032 Matuyama.txt",""<br></br>
"3032-Squadron","3032-Squadron.gif","3032-Squadron.txt",""<br></br>
"3032-Squadrons","3032-Squadrons.gif","3032-Squadrons.txt",""<br></br>
"3032-Stars","3032-Stars.gif","3032-Stars.txt",""<br></br>
"3032-Subsector","3032-Subsector.gif","3032-Subsector.txt",""<br></br>
"3032-System","3032-System.gif","3032-System.txt",""<br></br>
"3032-T5C-3032 Matuyama","3032-T5C-3032 Matuyama.gif","3032-T5C-3032 Matuyama.txt",""<br></br>
"3032-Troop","3032-Troop.gif","3032-Troop.txt",""<br></br>
"3032-Troops","3032-Troops.gif","3032-Troops.txt",""<br></br>
"3032-UWP","3032-UWP.gif","3032-UWP.txt",""<br></br>
"3032-Vehicle-3032 Matuyama","3032-Vehicle-3032 Matuyama.gif","3032-Vehicle-3032 Matuyama.txt",""<br></br>
"3032-Worlds","3032-Worlds.gif","3032-Worlds.txt",""<br></br>
"Vland Sector","Vland Sector.gif","Vland Sector.txt",""<br></br>
