"2536 Linissa Belts","2536 Linissa Belts.gif","2536 Linissa Belts.txt",""<br></br>
"2536 Linissa Defences","2536 Linissa Defences.gif","2536 Linissa Defences.txt",""<br></br>
"2536 Linissa Gas Giants","2536 Linissa Gas Giants.gif","2536 Linissa Gas Giants.txt",""<br></br>
"2536 Linissa Population","2536 Linissa Population.gif","2536 Linissa Population.txt",""<br></br>
"2536 Linissa SDBs","2536 Linissa SDBs.gif","2536 Linissa SDBs.txt",""<br></br>
"2536 Linissa Squadrons","2536 Linissa Squadrons.gif","2536 Linissa Squadrons.txt",""<br></br>
"2536 Linissa Troops","2536 Linissa Troops.gif","2536 Linissa Troops.txt",""<br></br>
"2536 Linissa World","2536 Linissa World.gif","2536 Linissa World.txt",""<br></br>
"2536 Linissa Worlds","2536 Linissa Worlds.gif","2536 Linissa Worlds.txt",""<br></br>
"2536 Linissa","2536 Linissa.gif","2536 Linissa.txt",""<br></br>
"2536-Admiral","2536-Admiral.gif","2536-Admiral.txt",""<br></br>
"2536-Army","2536-Army.gif","2536-Army.txt",""<br></br>
"2536-Belts","2536-Belts.gif","2536-Belts.txt",""<br></br>
"2536-Blank","2536-Blank.gif","2536-Blank.txt",""<br></br>
"2536-Defences","2536-Defences.gif","2536-Defences.txt",""<br></br>
"2536-Equipment-2536 Linissa","2536-Equipment-2536 Linissa.gif","2536-Equipment-2536 Linissa.txt",""<br></br>
"2536-Fleet","2536-Fleet.gif","2536-Fleet.txt",""<br></br>
"2536-Gas Giants","2536-Gas Giants.gif","2536-Gas Giants.txt",""<br></br>
"2536-Maps","2536-Maps.gif","2536-Maps.txt",""<br></br>
"2536-Marine","2536-Marine.gif","2536-Marine.txt",""<br></br>
"2536-Merchant","2536-Merchant.gif","2536-Merchant.txt",""<br></br>
"2536-Navy","2536-Navy.gif","2536-Navy.txt",""<br></br>
"2536-Orbitals","2536-Orbitals.gif","2536-Orbitals.txt",""<br></br>
"2536-Orbits","2536-Orbits.gif","2536-Orbits.txt",""<br></br>
"2536-Other","2536-Other.gif","2536-Other.txt",""<br></br>
"2536-Planets","2536-Planets.gif","2536-Planets.txt",""<br></br>
"2536-Population","2536-Population.gif","2536-Population.txt",""<br></br>
"2536-Scout","2536-Scout.gif","2536-Scout.txt",""<br></br>
"2536-SDBs","2536-SDBs.gif","2536-SDBs.txt",""<br></br>
"2536-Ship-2536 Linissa","2536-Ship-2536 Linissa.gif","2536-Ship-2536 Linissa.txt",""<br></br>
"2536-Squadron","2536-Squadron.gif","2536-Squadron.txt",""<br></br>
"2536-Squadrons","2536-Squadrons.gif","2536-Squadrons.txt",""<br></br>
"2536-Stars","2536-Stars.gif","2536-Stars.txt",""<br></br>
"2536-Subsector","2536-Subsector.gif","2536-Subsector.txt",""<br></br>
"2536-System","2536-System.gif","2536-System.txt",""<br></br>
"2536-T5C-2536 Linissa","2536-T5C-2536 Linissa.gif","2536-T5C-2536 Linissa.txt",""<br></br>
"2536-Troop","2536-Troop.gif","2536-Troop.txt",""<br></br>
"2536-Troops","2536-Troops.gif","2536-Troops.txt",""<br></br>
"2536-UWP","2536-UWP.gif","2536-UWP.txt",""<br></br>
"2536-Vehicle-2536 Linissa","2536-Vehicle-2536 Linissa.gif","2536-Vehicle-2536 Linissa.txt",""<br></br>
"2536-Worlds","2536-Worlds.gif","2536-Worlds.txt",""<br></br>
"Vland Sector","Vland Sector.gif","Vland Sector.txt",""<br></br>
