"2634 Wakarsat Belts","2634 Wakarsat Belts.gif","2634 Wakarsat Belts.txt",""<br></br>
"2634 Wakarsat Defences","2634 Wakarsat Defences.gif","2634 Wakarsat Defences.txt",""<br></br>
"2634 Wakarsat Gas Giants","2634 Wakarsat Gas Giants.gif","2634 Wakarsat Gas Giants.txt",""<br></br>
"2634 Wakarsat Population","2634 Wakarsat Population.gif","2634 Wakarsat Population.txt",""<br></br>
"2634 Wakarsat SDBs","2634 Wakarsat SDBs.gif","2634 Wakarsat SDBs.txt",""<br></br>
"2634 Wakarsat Troops","2634 Wakarsat Troops.gif","2634 Wakarsat Troops.txt",""<br></br>
"2634 Wakarsat World","2634 Wakarsat World.gif","2634 Wakarsat World.txt",""<br></br>
"2634 Wakarsat Worlds","2634 Wakarsat Worlds.gif","2634 Wakarsat Worlds.txt",""<br></br>
"2634 Wakarsat","2634 Wakarsat.gif","2634 Wakarsat.txt",""<br></br>
"2634-Admiral","2634-Admiral.gif","2634-Admiral.txt",""<br></br>
"2634-Army","2634-Army.gif","2634-Army.txt",""<br></br>
"2634-Belts","2634-Belts.gif","2634-Belts.txt",""<br></br>
"2634-Blank","2634-Blank.gif","2634-Blank.txt",""<br></br>
"2634-Defences","2634-Defences.gif","2634-Defences.txt",""<br></br>
"2634-Equipment-2634 Wakarsat","2634-Equipment-2634 Wakarsat.gif","2634-Equipment-2634 Wakarsat.txt",""<br></br>
"2634-Fleet","2634-Fleet.gif","2634-Fleet.txt",""<br></br>
"2634-Gas Giants","2634-Gas Giants.gif","2634-Gas Giants.txt",""<br></br>
"2634-Maps","2634-Maps.gif","2634-Maps.txt",""<br></br>
"2634-Marine","2634-Marine.gif","2634-Marine.txt",""<br></br>
"2634-Merchant","2634-Merchant.gif","2634-Merchant.txt",""<br></br>
"2634-Navy","2634-Navy.gif","2634-Navy.txt",""<br></br>
"2634-Orbitals","2634-Orbitals.gif","2634-Orbitals.txt",""<br></br>
"2634-Orbits","2634-Orbits.gif","2634-Orbits.txt",""<br></br>
"2634-Other","2634-Other.gif","2634-Other.txt",""<br></br>
"2634-Planets","2634-Planets.gif","2634-Planets.txt",""<br></br>
"2634-Population","2634-Population.gif","2634-Population.txt",""<br></br>
"2634-Scout","2634-Scout.gif","2634-Scout.txt",""<br></br>
"2634-SDBs","2634-SDBs.gif","2634-SDBs.txt",""<br></br>
"2634-Ship-2634 Wakarsat","2634-Ship-2634 Wakarsat.gif","2634-Ship-2634 Wakarsat.txt",""<br></br>
"2634-Squadron","2634-Squadron.gif","2634-Squadron.txt",""<br></br>
"2634-Squadrons","2634-Squadrons.gif","2634-Squadrons.txt",""<br></br>
"2634-Stars","2634-Stars.gif","2634-Stars.txt",""<br></br>
"2634-Subsector","2634-Subsector.gif","2634-Subsector.txt",""<br></br>
"2634-System","2634-System.gif","2634-System.txt",""<br></br>
"2634-T5C-2634 Wakarsat","2634-T5C-2634 Wakarsat.gif","2634-T5C-2634 Wakarsat.txt",""<br></br>
"2634-Troop","2634-Troop.gif","2634-Troop.txt",""<br></br>
"2634-Troops","2634-Troops.gif","2634-Troops.txt",""<br></br>
"2634-UWP","2634-UWP.gif","2634-UWP.txt",""<br></br>
"2634-Vehicle-2634 Wakarsat","2634-Vehicle-2634 Wakarsat.gif","2634-Vehicle-2634 Wakarsat.txt",""<br></br>
"2634-Worlds","2634-Worlds.gif","2634-Worlds.txt",""<br></br>
"Vland Sector","Vland Sector.gif","Vland Sector.txt",""<br></br>
