"3138 Nasaa Belts","3138 Nasaa Belts.gif","3138 Nasaa Belts.txt",""<br></br>
"3138 Nasaa Defences","3138 Nasaa Defences.gif","3138 Nasaa Defences.txt",""<br></br>
"3138 Nasaa Gas Giants","3138 Nasaa Gas Giants.gif","3138 Nasaa Gas Giants.txt",""<br></br>
"3138 Nasaa Population","3138 Nasaa Population.gif","3138 Nasaa Population.txt",""<br></br>
"3138 Nasaa SDBs","3138 Nasaa SDBs.gif","3138 Nasaa SDBs.txt",""<br></br>
"3138 Nasaa Squadrons","3138 Nasaa Squadrons.gif","3138 Nasaa Squadrons.txt",""<br></br>
"3138 Nasaa Troops","3138 Nasaa Troops.gif","3138 Nasaa Troops.txt",""<br></br>
"3138 Nasaa World","3138 Nasaa World.gif","3138 Nasaa World.txt",""<br></br>
"3138 Nasaa Worlds","3138 Nasaa Worlds.gif","3138 Nasaa Worlds.txt",""<br></br>
"3138 Nasaa","3138 Nasaa.gif","3138 Nasaa.txt",""<br></br>
"3138-Admiral","3138-Admiral.gif","3138-Admiral.txt",""<br></br>
"3138-Army","3138-Army.gif","3138-Army.txt",""<br></br>
"3138-Belts","3138-Belts.gif","3138-Belts.txt",""<br></br>
"3138-Blank","3138-Blank.gif","3138-Blank.txt",""<br></br>
"3138-Defences","3138-Defences.gif","3138-Defences.txt",""<br></br>
"3138-Equipment-3138 Nasaa","3138-Equipment-3138 Nasaa.gif","3138-Equipment-3138 Nasaa.txt",""<br></br>
"3138-Fleet","3138-Fleet.gif","3138-Fleet.txt",""<br></br>
"3138-Gas Giants","3138-Gas Giants.gif","3138-Gas Giants.txt",""<br></br>
"3138-Maps","3138-Maps.gif","3138-Maps.txt",""<br></br>
"3138-Marine","3138-Marine.gif","3138-Marine.txt",""<br></br>
"3138-Merchant","3138-Merchant.gif","3138-Merchant.txt",""<br></br>
"3138-Navy","3138-Navy.gif","3138-Navy.txt",""<br></br>
"3138-Orbitals","3138-Orbitals.gif","3138-Orbitals.txt",""<br></br>
"3138-Orbits","3138-Orbits.gif","3138-Orbits.txt",""<br></br>
"3138-Other","3138-Other.gif","3138-Other.txt",""<br></br>
"3138-Planets","3138-Planets.gif","3138-Planets.txt",""<br></br>
"3138-Population","3138-Population.gif","3138-Population.txt",""<br></br>
"3138-Scout","3138-Scout.gif","3138-Scout.txt",""<br></br>
"3138-SDBs","3138-SDBs.gif","3138-SDBs.txt",""<br></br>
"3138-Ship-3138 Nasaa","3138-Ship-3138 Nasaa.gif","3138-Ship-3138 Nasaa.txt",""<br></br>
"3138-Squadron","3138-Squadron.gif","3138-Squadron.txt",""<br></br>
"3138-Squadrons","3138-Squadrons.gif","3138-Squadrons.txt",""<br></br>
"3138-Stars","3138-Stars.gif","3138-Stars.txt",""<br></br>
"3138-Subsector","3138-Subsector.gif","3138-Subsector.txt",""<br></br>
"3138-System","3138-System.gif","3138-System.txt",""<br></br>
"3138-T5C-3138 Nasaa","3138-T5C-3138 Nasaa.gif","3138-T5C-3138 Nasaa.txt",""<br></br>
"3138-Troop","3138-Troop.gif","3138-Troop.txt",""<br></br>
"3138-Troops","3138-Troops.gif","3138-Troops.txt",""<br></br>
"3138-UWP","3138-UWP.gif","3138-UWP.txt",""<br></br>
"3138-Vehicle-3138 Nasaa","3138-Vehicle-3138 Nasaa.gif","3138-Vehicle-3138 Nasaa.txt",""<br></br>
"3138-Worlds","3138-Worlds.gif","3138-Worlds.txt",""<br></br>
"Vland Sector","Vland Sector.gif","Vland Sector.txt",""<br></br>
