"2934 Assazak Belts","2934 Assazak Belts.gif","2934 Assazak Belts.txt",""<br></br>
"2934 Assazak Defences","2934 Assazak Defences.gif","2934 Assazak Defences.txt",""<br></br>
"2934 Assazak Gas Giants","2934 Assazak Gas Giants.gif","2934 Assazak Gas Giants.txt",""<br></br>
"2934 Assazak Population","2934 Assazak Population.gif","2934 Assazak Population.txt",""<br></br>
"2934 Assazak SDBs","2934 Assazak SDBs.gif","2934 Assazak SDBs.txt",""<br></br>
"2934 Assazak Squadrons","2934 Assazak Squadrons.gif","2934 Assazak Squadrons.txt",""<br></br>
"2934 Assazak Troops","2934 Assazak Troops.gif","2934 Assazak Troops.txt",""<br></br>
"2934 Assazak World","2934 Assazak World.gif","2934 Assazak World.txt",""<br></br>
"2934 Assazak Worlds","2934 Assazak Worlds.gif","2934 Assazak Worlds.txt",""<br></br>
"2934 Assazak","2934 Assazak.gif","2934 Assazak.txt",""<br></br>
"2934-Admiral","2934-Admiral.gif","2934-Admiral.txt",""<br></br>
"2934-Army","2934-Army.gif","2934-Army.txt",""<br></br>
"2934-Belts","2934-Belts.gif","2934-Belts.txt",""<br></br>
"2934-Blank","2934-Blank.gif","2934-Blank.txt",""<br></br>
"2934-Defences","2934-Defences.gif","2934-Defences.txt",""<br></br>
"2934-Equipment-2934 Assazak","2934-Equipment-2934 Assazak.gif","2934-Equipment-2934 Assazak.txt",""<br></br>
"2934-Fleet","2934-Fleet.gif","2934-Fleet.txt",""<br></br>
"2934-Gas Giants","2934-Gas Giants.gif","2934-Gas Giants.txt",""<br></br>
"2934-Maps","2934-Maps.gif","2934-Maps.txt",""<br></br>
"2934-Marine","2934-Marine.gif","2934-Marine.txt",""<br></br>
"2934-Merchant","2934-Merchant.gif","2934-Merchant.txt",""<br></br>
"2934-Navy","2934-Navy.gif","2934-Navy.txt",""<br></br>
"2934-Orbitals","2934-Orbitals.gif","2934-Orbitals.txt",""<br></br>
"2934-Orbits","2934-Orbits.gif","2934-Orbits.txt",""<br></br>
"2934-Other","2934-Other.gif","2934-Other.txt",""<br></br>
"2934-Planets","2934-Planets.gif","2934-Planets.txt",""<br></br>
"2934-Population","2934-Population.gif","2934-Population.txt",""<br></br>
"2934-Scout","2934-Scout.gif","2934-Scout.txt",""<br></br>
"2934-SDBs","2934-SDBs.gif","2934-SDBs.txt",""<br></br>
"2934-Ship-2934 Assazak","2934-Ship-2934 Assazak.gif","2934-Ship-2934 Assazak.txt",""<br></br>
"2934-Squadron","2934-Squadron.gif","2934-Squadron.txt",""<br></br>
"2934-Squadrons","2934-Squadrons.gif","2934-Squadrons.txt",""<br></br>
"2934-Stars","2934-Stars.gif","2934-Stars.txt",""<br></br>
"2934-Subsector","2934-Subsector.gif","2934-Subsector.txt",""<br></br>
"2934-System","2934-System.gif","2934-System.txt",""<br></br>
"2934-T5C-2934 Assazak","2934-T5C-2934 Assazak.gif","2934-T5C-2934 Assazak.txt",""<br></br>
"2934-Troop","2934-Troop.gif","2934-Troop.txt",""<br></br>
"2934-Troops","2934-Troops.gif","2934-Troops.txt",""<br></br>
"2934-UWP","2934-UWP.gif","2934-UWP.txt",""<br></br>
"2934-Vehicle-2934 Assazak","2934-Vehicle-2934 Assazak.gif","2934-Vehicle-2934 Assazak.txt",""<br></br>
"2934-Worlds","2934-Worlds.gif","2934-Worlds.txt",""<br></br>
"Vland Sector","Vland Sector.gif","Vland Sector.txt",""<br></br>
