"3035 Zhanora Belts","3035 Zhanora Belts.gif","3035 Zhanora Belts.txt",""<br></br>
"3035 Zhanora Defences","3035 Zhanora Defences.gif","3035 Zhanora Defences.txt",""<br></br>
"3035 Zhanora Gas Giants","3035 Zhanora Gas Giants.gif","3035 Zhanora Gas Giants.txt",""<br></br>
"3035 Zhanora Population","3035 Zhanora Population.gif","3035 Zhanora Population.txt",""<br></br>
"3035 Zhanora SDBs","3035 Zhanora SDBs.gif","3035 Zhanora SDBs.txt",""<br></br>
"3035 Zhanora Squadrons","3035 Zhanora Squadrons.gif","3035 Zhanora Squadrons.txt",""<br></br>
"3035 Zhanora Troops","3035 Zhanora Troops.gif","3035 Zhanora Troops.txt",""<br></br>
"3035 Zhanora World","3035 Zhanora World.gif","3035 Zhanora World.txt",""<br></br>
"3035 Zhanora Worlds","3035 Zhanora Worlds.gif","3035 Zhanora Worlds.txt",""<br></br>
"3035 Zhanora","3035 Zhanora.gif","3035 Zhanora.txt",""<br></br>
"3035-Admiral","3035-Admiral.gif","3035-Admiral.txt",""<br></br>
"3035-Army","3035-Army.gif","3035-Army.txt",""<br></br>
"3035-Belts","3035-Belts.gif","3035-Belts.txt",""<br></br>
"3035-Blank","3035-Blank.gif","3035-Blank.txt",""<br></br>
"3035-Defences","3035-Defences.gif","3035-Defences.txt",""<br></br>
"3035-Equipment-3035 Zhanora","3035-Equipment-3035 Zhanora.gif","3035-Equipment-3035 Zhanora.txt",""<br></br>
"3035-Fleet","3035-Fleet.gif","3035-Fleet.txt",""<br></br>
"3035-Gas Giants","3035-Gas Giants.gif","3035-Gas Giants.txt",""<br></br>
"3035-Maps","3035-Maps.gif","3035-Maps.txt",""<br></br>
"3035-Marine","3035-Marine.gif","3035-Marine.txt",""<br></br>
"3035-Merchant","3035-Merchant.gif","3035-Merchant.txt",""<br></br>
"3035-Navy","3035-Navy.gif","3035-Navy.txt",""<br></br>
"3035-Orbitals","3035-Orbitals.gif","3035-Orbitals.txt",""<br></br>
"3035-Orbits","3035-Orbits.gif","3035-Orbits.txt",""<br></br>
"3035-Other","3035-Other.gif","3035-Other.txt",""<br></br>
"3035-Planets","3035-Planets.gif","3035-Planets.txt",""<br></br>
"3035-Population","3035-Population.gif","3035-Population.txt",""<br></br>
"3035-Scout","3035-Scout.gif","3035-Scout.txt",""<br></br>
"3035-SDBs","3035-SDBs.gif","3035-SDBs.txt",""<br></br>
"3035-Ship-3035 Zhanora","3035-Ship-3035 Zhanora.gif","3035-Ship-3035 Zhanora.txt",""<br></br>
"3035-Squadron","3035-Squadron.gif","3035-Squadron.txt",""<br></br>
"3035-Squadrons","3035-Squadrons.gif","3035-Squadrons.txt",""<br></br>
"3035-Stars","3035-Stars.gif","3035-Stars.txt",""<br></br>
"3035-Subsector","3035-Subsector.gif","3035-Subsector.txt",""<br></br>
"3035-System","3035-System.gif","3035-System.txt",""<br></br>
"3035-T5C-3035 Zhanora","3035-T5C-3035 Zhanora.gif","3035-T5C-3035 Zhanora.txt",""<br></br>
"3035-Troop","3035-Troop.gif","3035-Troop.txt",""<br></br>
"3035-Troops","3035-Troops.gif","3035-Troops.txt",""<br></br>
"3035-UWP","3035-UWP.gif","3035-UWP.txt",""<br></br>
"3035-Vehicle-3035 Zhanora","3035-Vehicle-3035 Zhanora.gif","3035-Vehicle-3035 Zhanora.txt",""<br></br>
"3035-Worlds","3035-Worlds.gif","3035-Worlds.txt",""<br></br>
"Vland Sector","Vland Sector.gif","Vland Sector.txt",""<br></br>
