"3039 Gilnat Paz Belts","3039 Gilnat Paz Belts.gif","3039 Gilnat Paz Belts.txt",""<br></br>
"3039 Gilnat Paz Defences","3039 Gilnat Paz Defences.gif","3039 Gilnat Paz Defences.txt",""<br></br>
"3039 Gilnat Paz Gas Giants","3039 Gilnat Paz Gas Giants.gif","3039 Gilnat Paz Gas Giants.txt",""<br></br>
"3039 Gilnat Paz Population","3039 Gilnat Paz Population.gif","3039 Gilnat Paz Population.txt",""<br></br>
"3039 Gilnat Paz SDBs","3039 Gilnat Paz SDBs.gif","3039 Gilnat Paz SDBs.txt",""<br></br>
"3039 Gilnat Paz Squadrons","3039 Gilnat Paz Squadrons.gif","3039 Gilnat Paz Squadrons.txt",""<br></br>
"3039 Gilnat Paz Troops","3039 Gilnat Paz Troops.gif","3039 Gilnat Paz Troops.txt",""<br></br>
"3039 Gilnat Paz World","3039 Gilnat Paz World.gif","3039 Gilnat Paz World.txt",""<br></br>
"3039 Gilnat Paz Worlds","3039 Gilnat Paz Worlds.gif","3039 Gilnat Paz Worlds.txt",""<br></br>
"3039 Gilnat Paz","3039 Gilnat Paz.gif","3039 Gilnat Paz.txt",""<br></br>
"3039-Admiral","3039-Admiral.gif","3039-Admiral.txt",""<br></br>
"3039-Army","3039-Army.gif","3039-Army.txt",""<br></br>
"3039-Belts","3039-Belts.gif","3039-Belts.txt",""<br></br>
"3039-Blank","3039-Blank.gif","3039-Blank.txt",""<br></br>
"3039-Defences","3039-Defences.gif","3039-Defences.txt",""<br></br>
"3039-Equipment-3039 Gilnat Paz","3039-Equipment-3039 Gilnat Paz.gif","3039-Equipment-3039 Gilnat Paz.txt",""<br></br>
"3039-Fleet","3039-Fleet.gif","3039-Fleet.txt",""<br></br>
"3039-Gas Giants","3039-Gas Giants.gif","3039-Gas Giants.txt",""<br></br>
"3039-Maps","3039-Maps.gif","3039-Maps.txt",""<br></br>
"3039-Marine","3039-Marine.gif","3039-Marine.txt",""<br></br>
"3039-Merchant","3039-Merchant.gif","3039-Merchant.txt",""<br></br>
"3039-Navy","3039-Navy.gif","3039-Navy.txt",""<br></br>
"3039-Orbitals","3039-Orbitals.gif","3039-Orbitals.txt",""<br></br>
"3039-Orbits","3039-Orbits.gif","3039-Orbits.txt",""<br></br>
"3039-Other","3039-Other.gif","3039-Other.txt",""<br></br>
"3039-Planets","3039-Planets.gif","3039-Planets.txt",""<br></br>
"3039-Population","3039-Population.gif","3039-Population.txt",""<br></br>
"3039-Scout","3039-Scout.gif","3039-Scout.txt",""<br></br>
"3039-SDBs","3039-SDBs.gif","3039-SDBs.txt",""<br></br>
"3039-Ship-3039 Gilnat Paz","3039-Ship-3039 Gilnat Paz.gif","3039-Ship-3039 Gilnat Paz.txt",""<br></br>
"3039-Squadron","3039-Squadron.gif","3039-Squadron.txt",""<br></br>
"3039-Squadrons","3039-Squadrons.gif","3039-Squadrons.txt",""<br></br>
"3039-Stars","3039-Stars.gif","3039-Stars.txt",""<br></br>
"3039-Subsector","3039-Subsector.gif","3039-Subsector.txt",""<br></br>
"3039-System","3039-System.gif","3039-System.txt",""<br></br>
"3039-T5C-3039 Gilnat Paz","3039-T5C-3039 Gilnat Paz.gif","3039-T5C-3039 Gilnat Paz.txt",""<br></br>
"3039-Troop","3039-Troop.gif","3039-Troop.txt",""<br></br>
"3039-Troops","3039-Troops.gif","3039-Troops.txt",""<br></br>
"3039-UWP","3039-UWP.gif","3039-UWP.txt",""<br></br>
"3039-Vehicle-3039 Gilnat Paz","3039-Vehicle-3039 Gilnat Paz.gif","3039-Vehicle-3039 Gilnat Paz.txt",""<br></br>
"3039-Worlds","3039-Worlds.gif","3039-Worlds.txt",""<br></br>
"Vland Sector","Vland Sector.gif","Vland Sector.txt",""<br></br>
