"3135 Debekov Belts","3135 Debekov Belts.gif","3135 Debekov Belts.txt",""<br></br>
"3135 Debekov Defences","3135 Debekov Defences.gif","3135 Debekov Defences.txt",""<br></br>
"3135 Debekov Gas Giants","3135 Debekov Gas Giants.gif","3135 Debekov Gas Giants.txt",""<br></br>
"3135 Debekov Population","3135 Debekov Population.gif","3135 Debekov Population.txt",""<br></br>
"3135 Debekov SDBs","3135 Debekov SDBs.gif","3135 Debekov SDBs.txt",""<br></br>
"3135 Debekov Squadrons","3135 Debekov Squadrons.gif","3135 Debekov Squadrons.txt",""<br></br>
"3135 Debekov Troops","3135 Debekov Troops.gif","3135 Debekov Troops.txt",""<br></br>
"3135 Debekov World","3135 Debekov World.gif","3135 Debekov World.txt",""<br></br>
"3135 Debekov Worlds","3135 Debekov Worlds.gif","3135 Debekov Worlds.txt",""<br></br>
"3135 Debekov","3135 Debekov.gif","3135 Debekov.txt",""<br></br>
"3135-Admiral","3135-Admiral.gif","3135-Admiral.txt",""<br></br>
"3135-Army","3135-Army.gif","3135-Army.txt",""<br></br>
"3135-Belts","3135-Belts.gif","3135-Belts.txt",""<br></br>
"3135-Blank","3135-Blank.gif","3135-Blank.txt",""<br></br>
"3135-Defences","3135-Defences.gif","3135-Defences.txt",""<br></br>
"3135-Equipment-3135 Debekov","3135-Equipment-3135 Debekov.gif","3135-Equipment-3135 Debekov.txt",""<br></br>
"3135-Fleet","3135-Fleet.gif","3135-Fleet.txt",""<br></br>
"3135-Gas Giants","3135-Gas Giants.gif","3135-Gas Giants.txt",""<br></br>
"3135-Maps","3135-Maps.gif","3135-Maps.txt",""<br></br>
"3135-Marine","3135-Marine.gif","3135-Marine.txt",""<br></br>
"3135-Merchant","3135-Merchant.gif","3135-Merchant.txt",""<br></br>
"3135-Navy","3135-Navy.gif","3135-Navy.txt",""<br></br>
"3135-Orbitals","3135-Orbitals.gif","3135-Orbitals.txt",""<br></br>
"3135-Orbits","3135-Orbits.gif","3135-Orbits.txt",""<br></br>
"3135-Other","3135-Other.gif","3135-Other.txt",""<br></br>
"3135-Planets","3135-Planets.gif","3135-Planets.txt",""<br></br>
"3135-Population","3135-Population.gif","3135-Population.txt",""<br></br>
"3135-Scout","3135-Scout.gif","3135-Scout.txt",""<br></br>
"3135-SDBs","3135-SDBs.gif","3135-SDBs.txt",""<br></br>
"3135-Ship-3135 Debekov","3135-Ship-3135 Debekov.gif","3135-Ship-3135 Debekov.txt",""<br></br>
"3135-Squadron","3135-Squadron.gif","3135-Squadron.txt",""<br></br>
"3135-Squadrons","3135-Squadrons.gif","3135-Squadrons.txt",""<br></br>
"3135-Stars","3135-Stars.gif","3135-Stars.txt",""<br></br>
"3135-Subsector","3135-Subsector.gif","3135-Subsector.txt",""<br></br>
"3135-System","3135-System.gif","3135-System.txt",""<br></br>
"3135-T5C-3135 Debekov","3135-T5C-3135 Debekov.gif","3135-T5C-3135 Debekov.txt",""<br></br>
"3135-Troop","3135-Troop.gif","3135-Troop.txt",""<br></br>
"3135-Troops","3135-Troops.gif","3135-Troops.txt",""<br></br>
"3135-UWP","3135-UWP.gif","3135-UWP.txt",""<br></br>
"3135-Vehicle-3135 Debekov","3135-Vehicle-3135 Debekov.gif","3135-Vehicle-3135 Debekov.txt",""<br></br>
"3135-Worlds","3135-Worlds.gif","3135-Worlds.txt",""<br></br>
"Vland Sector","Vland Sector.gif","Vland Sector.txt",""<br></br>
