"2533 Aki","2533 Aki.gif","2533 Aki.txt",""<br></br>
"2533-Admiral-1","2533-Admiral-1.gif","2533-Admiral-1.txt",""<br></br>
"2533-Admiral-2","2533-Admiral-2.gif","2533-Admiral-2.txt",""<br></br>
"2533-Admiral-3","2533-Admiral-3.gif","2533-Admiral-3.txt",""<br></br>
"2533-Maps","2533-Maps.gif","2533-Maps.txt",""<br></br>
"2533-Orbit-0","2533-Orbit-0.gif","2533-Orbit-0.txt",""<br></br>
"2533-Orbit-1","2533-Orbit-1.gif","2533-Orbit-1.txt",""<br></br>
"2533-Orbit-10","2533-Orbit-10.gif","2533-Orbit-10.txt",""<br></br>
"2533-Orbit-12","2533-Orbit-12.gif","2533-Orbit-12.txt",""<br></br>
"2533-Orbit-16","2533-Orbit-16.gif","2533-Orbit-16.txt",""<br></br>
"2533-Orbit-3","2533-Orbit-3.gif","2533-Orbit-3.txt",""<br></br>
"2533-Orbit-4","2533-Orbit-4.gif","2533-Orbit-4.txt",""<br></br>
"2533-Orbit-5","2533-Orbit-5.gif","2533-Orbit-5.txt",""<br></br>
"2533-Orbit-6","2533-Orbit-6.gif","2533-Orbit-6.txt",""<br></br>
"2533-Orbit-7","2533-Orbit-7.gif","2533-Orbit-7.txt",""<br></br>
"2533-Orbit-8","2533-Orbit-8.gif","2533-Orbit-8.txt",""<br></br>
"2533-Orbit-9","2533-Orbit-9.gif","2533-Orbit-9.txt",""<br></br>
"2533-Orbits","2533-Orbits.gif","2533-Orbits.txt",""<br></br>
"2533-Squadron","2533-Squadron.gif","2533-Squadron.txt",""<br></br>
"2533-Troop","2533-Troop.gif","2533-Troop.txt",""<br></br>
