"3140 Zana Belts","3140 Zana Belts.gif","3140 Zana Belts.txt",""<br></br>
"3140 Zana Defences","3140 Zana Defences.gif","3140 Zana Defences.txt",""<br></br>
"3140 Zana Gas Giants","3140 Zana Gas Giants.gif","3140 Zana Gas Giants.txt",""<br></br>
"3140 Zana Population","3140 Zana Population.gif","3140 Zana Population.txt",""<br></br>
"3140 Zana SDBs","3140 Zana SDBs.gif","3140 Zana SDBs.txt",""<br></br>
"3140 Zana Squadrons","3140 Zana Squadrons.gif","3140 Zana Squadrons.txt",""<br></br>
"3140 Zana Troops","3140 Zana Troops.gif","3140 Zana Troops.txt",""<br></br>
"3140 Zana World","3140 Zana World.gif","3140 Zana World.txt",""<br></br>
"3140 Zana Worlds","3140 Zana Worlds.gif","3140 Zana Worlds.txt",""<br></br>
"3140 Zana","3140 Zana.gif","3140 Zana.txt",""<br></br>
"3140-Admiral","3140-Admiral.gif","3140-Admiral.txt",""<br></br>
"3140-Army","3140-Army.gif","3140-Army.txt",""<br></br>
"3140-Belts","3140-Belts.gif","3140-Belts.txt",""<br></br>
"3140-Blank","3140-Blank.gif","3140-Blank.txt",""<br></br>
"3140-Defences","3140-Defences.gif","3140-Defences.txt",""<br></br>
"3140-Equipment-3140 Zana","3140-Equipment-3140 Zana.gif","3140-Equipment-3140 Zana.txt",""<br></br>
"3140-Fleet","3140-Fleet.gif","3140-Fleet.txt",""<br></br>
"3140-Gas Giants","3140-Gas Giants.gif","3140-Gas Giants.txt",""<br></br>
"3140-Maps","3140-Maps.gif","3140-Maps.txt",""<br></br>
"3140-Marine","3140-Marine.gif","3140-Marine.txt",""<br></br>
"3140-Merchant","3140-Merchant.gif","3140-Merchant.txt",""<br></br>
"3140-Navy","3140-Navy.gif","3140-Navy.txt",""<br></br>
"3140-Orbitals","3140-Orbitals.gif","3140-Orbitals.txt",""<br></br>
"3140-Orbits","3140-Orbits.gif","3140-Orbits.txt",""<br></br>
"3140-Other","3140-Other.gif","3140-Other.txt",""<br></br>
"3140-Planets","3140-Planets.gif","3140-Planets.txt",""<br></br>
"3140-Population","3140-Population.gif","3140-Population.txt",""<br></br>
"3140-Scout","3140-Scout.gif","3140-Scout.txt",""<br></br>
"3140-SDBs","3140-SDBs.gif","3140-SDBs.txt",""<br></br>
"3140-Ship-3140 Zana","3140-Ship-3140 Zana.gif","3140-Ship-3140 Zana.txt",""<br></br>
"3140-Squadron","3140-Squadron.gif","3140-Squadron.txt",""<br></br>
"3140-Squadrons","3140-Squadrons.gif","3140-Squadrons.txt",""<br></br>
"3140-Stars","3140-Stars.gif","3140-Stars.txt",""<br></br>
"3140-Subsector","3140-Subsector.gif","3140-Subsector.txt",""<br></br>
"3140-System","3140-System.gif","3140-System.txt",""<br></br>
"3140-T5C-3140 Zana","3140-T5C-3140 Zana.gif","3140-T5C-3140 Zana.txt",""<br></br>
"3140-Troop","3140-Troop.gif","3140-Troop.txt",""<br></br>
"3140-Troops","3140-Troops.gif","3140-Troops.txt",""<br></br>
"3140-UWP","3140-UWP.gif","3140-UWP.txt",""<br></br>
"3140-Vehicle-3140 Zana","3140-Vehicle-3140 Zana.gif","3140-Vehicle-3140 Zana.txt",""<br></br>
"3140-Worlds","3140-Worlds.gif","3140-Worlds.txt",""<br></br>
"Vland Sector","Vland Sector.gif","Vland Sector.txt",""<br></br>
