"2637 Akon Belts","2637 Akon Belts.gif","2637 Akon Belts.txt",""<br></br>
"2637 Akon Defences","2637 Akon Defences.gif","2637 Akon Defences.txt",""<br></br>
"2637 Akon Gas Giants","2637 Akon Gas Giants.gif","2637 Akon Gas Giants.txt",""<br></br>
"2637 Akon Population","2637 Akon Population.gif","2637 Akon Population.txt",""<br></br>
"2637 Akon SDBs","2637 Akon SDBs.gif","2637 Akon SDBs.txt",""<br></br>
"2637 Akon Squadrons","2637 Akon Squadrons.gif","2637 Akon Squadrons.txt",""<br></br>
"2637 Akon Troops","2637 Akon Troops.gif","2637 Akon Troops.txt",""<br></br>
"2637 Akon World","2637 Akon World.gif","2637 Akon World.txt",""<br></br>
"2637 Akon Worlds","2637 Akon Worlds.gif","2637 Akon Worlds.txt",""<br></br>
"2637 Akon","2637 Akon.gif","2637 Akon.txt",""<br></br>
"2637-Admiral","2637-Admiral.gif","2637-Admiral.txt",""<br></br>
"2637-Army","2637-Army.gif","2637-Army.txt",""<br></br>
"2637-Belts","2637-Belts.gif","2637-Belts.txt",""<br></br>
"2637-Blank","2637-Blank.gif","2637-Blank.txt",""<br></br>
"2637-Defences","2637-Defences.gif","2637-Defences.txt",""<br></br>
"2637-Equipment-2637 Akon","2637-Equipment-2637 Akon.gif","2637-Equipment-2637 Akon.txt",""<br></br>
"2637-Fleet","2637-Fleet.gif","2637-Fleet.txt",""<br></br>
"2637-Gas Giants","2637-Gas Giants.gif","2637-Gas Giants.txt",""<br></br>
"2637-Maps","2637-Maps.gif","2637-Maps.txt",""<br></br>
"2637-Marine","2637-Marine.gif","2637-Marine.txt",""<br></br>
"2637-Merchant","2637-Merchant.gif","2637-Merchant.txt",""<br></br>
"2637-Navy","2637-Navy.gif","2637-Navy.txt",""<br></br>
"2637-Orbitals","2637-Orbitals.gif","2637-Orbitals.txt",""<br></br>
"2637-Orbits","2637-Orbits.gif","2637-Orbits.txt",""<br></br>
"2637-Other","2637-Other.gif","2637-Other.txt",""<br></br>
"2637-Planets","2637-Planets.gif","2637-Planets.txt",""<br></br>
"2637-Population","2637-Population.gif","2637-Population.txt",""<br></br>
"2637-Scout","2637-Scout.gif","2637-Scout.txt",""<br></br>
"2637-SDBs","2637-SDBs.gif","2637-SDBs.txt",""<br></br>
"2637-Ship-2637 Akon","2637-Ship-2637 Akon.gif","2637-Ship-2637 Akon.txt",""<br></br>
"2637-Squadron","2637-Squadron.gif","2637-Squadron.txt",""<br></br>
"2637-Squadrons","2637-Squadrons.gif","2637-Squadrons.txt",""<br></br>
"2637-Stars","2637-Stars.gif","2637-Stars.txt",""<br></br>
"2637-Subsector","2637-Subsector.gif","2637-Subsector.txt",""<br></br>
"2637-System","2637-System.gif","2637-System.txt",""<br></br>
"2637-T5C-2637 Akon","2637-T5C-2637 Akon.gif","2637-T5C-2637 Akon.txt",""<br></br>
"2637-Troop","2637-Troop.gif","2637-Troop.txt",""<br></br>
"2637-Troops","2637-Troops.gif","2637-Troops.txt",""<br></br>
"2637-UWP","2637-UWP.gif","2637-UWP.txt",""<br></br>
"2637-Vehicle-2637 Akon","2637-Vehicle-2637 Akon.gif","2637-Vehicle-2637 Akon.txt",""<br></br>
"2637-Worlds","2637-Worlds.gif","2637-Worlds.txt",""<br></br>
"Vland Sector","Vland Sector.gif","Vland Sector.txt",""<br></br>
