"3238 Lamiina Belts","3238 Lamiina Belts.gif","3238 Lamiina Belts.txt",""<br></br>
"3238 Lamiina Defences","3238 Lamiina Defences.gif","3238 Lamiina Defences.txt",""<br></br>
"3238 Lamiina Gas Giants","3238 Lamiina Gas Giants.gif","3238 Lamiina Gas Giants.txt",""<br></br>
"3238 Lamiina Population","3238 Lamiina Population.gif","3238 Lamiina Population.txt",""<br></br>
"3238 Lamiina SDBs","3238 Lamiina SDBs.gif","3238 Lamiina SDBs.txt",""<br></br>
"3238 Lamiina Squadrons","3238 Lamiina Squadrons.gif","3238 Lamiina Squadrons.txt",""<br></br>
"3238 Lamiina Troops","3238 Lamiina Troops.gif","3238 Lamiina Troops.txt",""<br></br>
"3238 Lamiina World","3238 Lamiina World.gif","3238 Lamiina World.txt",""<br></br>
"3238 Lamiina Worlds","3238 Lamiina Worlds.gif","3238 Lamiina Worlds.txt",""<br></br>
"3238 Lamiina","3238 Lamiina.gif","3238 Lamiina.txt",""<br></br>
"3238-Admiral","3238-Admiral.gif","3238-Admiral.txt",""<br></br>
"3238-Army","3238-Army.gif","3238-Army.txt",""<br></br>
"3238-Belts","3238-Belts.gif","3238-Belts.txt",""<br></br>
"3238-Blank","3238-Blank.gif","3238-Blank.txt",""<br></br>
"3238-Defences","3238-Defences.gif","3238-Defences.txt",""<br></br>
"3238-Equipment-3238 Lamiina","3238-Equipment-3238 Lamiina.gif","3238-Equipment-3238 Lamiina.txt",""<br></br>
"3238-Fleet","3238-Fleet.gif","3238-Fleet.txt",""<br></br>
"3238-Gas Giants","3238-Gas Giants.gif","3238-Gas Giants.txt",""<br></br>
"3238-Maps","3238-Maps.gif","3238-Maps.txt",""<br></br>
"3238-Marine","3238-Marine.gif","3238-Marine.txt",""<br></br>
"3238-Merchant","3238-Merchant.gif","3238-Merchant.txt",""<br></br>
"3238-Navy","3238-Navy.gif","3238-Navy.txt",""<br></br>
"3238-Orbitals","3238-Orbitals.gif","3238-Orbitals.txt",""<br></br>
"3238-Orbits","3238-Orbits.gif","3238-Orbits.txt",""<br></br>
"3238-Other","3238-Other.gif","3238-Other.txt",""<br></br>
"3238-Planets","3238-Planets.gif","3238-Planets.txt",""<br></br>
"3238-Population","3238-Population.gif","3238-Population.txt",""<br></br>
"3238-Scout","3238-Scout.gif","3238-Scout.txt",""<br></br>
"3238-SDBs","3238-SDBs.gif","3238-SDBs.txt",""<br></br>
"3238-Ship-3238 Lamiina","3238-Ship-3238 Lamiina.gif","3238-Ship-3238 Lamiina.txt",""<br></br>
"3238-Squadron","3238-Squadron.gif","3238-Squadron.txt",""<br></br>
"3238-Squadrons","3238-Squadrons.gif","3238-Squadrons.txt",""<br></br>
"3238-Stars","3238-Stars.gif","3238-Stars.txt",""<br></br>
"3238-Subsector","3238-Subsector.gif","3238-Subsector.txt",""<br></br>
"3238-System","3238-System.gif","3238-System.txt",""<br></br>
"3238-T5C-3238 Lamiina","3238-T5C-3238 Lamiina.gif","3238-T5C-3238 Lamiina.txt",""<br></br>
"3238-Troop","3238-Troop.gif","3238-Troop.txt",""<br></br>
"3238-Troops","3238-Troops.gif","3238-Troops.txt",""<br></br>
"3238-UWP","3238-UWP.gif","3238-UWP.txt",""<br></br>
"3238-Vehicle-3238 Lamiina","3238-Vehicle-3238 Lamiina.gif","3238-Vehicle-3238 Lamiina.txt",""<br></br>
"3238-Worlds","3238-Worlds.gif","3238-Worlds.txt",""<br></br>
"Vland Sector","Vland Sector.gif","Vland Sector.txt",""<br></br>
