"3237 Zhannag Belts","3237 Zhannag Belts.gif","3237 Zhannag Belts.txt",""<br></br>
"3237 Zhannag Defences","3237 Zhannag Defences.gif","3237 Zhannag Defences.txt",""<br></br>
"3237 Zhannag Gas Giants","3237 Zhannag Gas Giants.gif","3237 Zhannag Gas Giants.txt",""<br></br>
"3237 Zhannag Population","3237 Zhannag Population.gif","3237 Zhannag Population.txt",""<br></br>
"3237 Zhannag SDBs","3237 Zhannag SDBs.gif","3237 Zhannag SDBs.txt",""<br></br>
"3237 Zhannag Squadrons","3237 Zhannag Squadrons.gif","3237 Zhannag Squadrons.txt",""<br></br>
"3237 Zhannag World","3237 Zhannag World.gif","3237 Zhannag World.txt",""<br></br>
"3237 Zhannag","3237 Zhannag.gif","3237 Zhannag.txt",""<br></br>
"3237-Admiral","3237-Admiral.gif","3237-Admiral.txt",""<br></br>
"3237-Army","3237-Army.gif","3237-Army.txt",""<br></br>
"3237-Belts","3237-Belts.gif","3237-Belts.txt",""<br></br>
"3237-Blank","3237-Blank.gif","3237-Blank.txt",""<br></br>
"3237-Defences","3237-Defences.gif","3237-Defences.txt",""<br></br>
"3237-Equipment-3237 Zhannag","3237-Equipment-3237 Zhannag.gif","3237-Equipment-3237 Zhannag.txt",""<br></br>
"3237-Fleet","3237-Fleet.gif","3237-Fleet.txt",""<br></br>
"3237-Gas Giants","3237-Gas Giants.gif","3237-Gas Giants.txt",""<br></br>
"3237-Maps","3237-Maps.gif","3237-Maps.txt",""<br></br>
"3237-Marine","3237-Marine.gif","3237-Marine.txt",""<br></br>
"3237-Merchant","3237-Merchant.gif","3237-Merchant.txt",""<br></br>
"3237-Navy","3237-Navy.gif","3237-Navy.txt",""<br></br>
"3237-Orbitals","3237-Orbitals.gif","3237-Orbitals.txt",""<br></br>
"3237-Orbits","3237-Orbits.gif","3237-Orbits.txt",""<br></br>
"3237-Other","3237-Other.gif","3237-Other.txt",""<br></br>
"3237-Planets","3237-Planets.gif","3237-Planets.txt",""<br></br>
"3237-Population","3237-Population.gif","3237-Population.txt",""<br></br>
"3237-Scout","3237-Scout.gif","3237-Scout.txt",""<br></br>
"3237-SDBs","3237-SDBs.gif","3237-SDBs.txt",""<br></br>
"3237-Ship-3237 Zhannag","3237-Ship-3237 Zhannag.gif","3237-Ship-3237 Zhannag.txt",""<br></br>
"3237-Squadron","3237-Squadron.gif","3237-Squadron.txt",""<br></br>
"3237-Squadrons","3237-Squadrons.gif","3237-Squadrons.txt",""<br></br>
"3237-Stars","3237-Stars.gif","3237-Stars.txt",""<br></br>
"3237-Subsector","3237-Subsector.gif","3237-Subsector.txt",""<br></br>
"3237-System","3237-System.gif","3237-System.txt",""<br></br>
"3237-T5C-3237 Zhannag","3237-T5C-3237 Zhannag.gif","3237-T5C-3237 Zhannag.txt",""<br></br>
"3237-Troop","3237-Troop.gif","3237-Troop.txt",""<br></br>
"3237-Troops","3237-Troops.gif","3237-Troops.txt",""<br></br>
"3237-UWP","3237-UWP.gif","3237-UWP.txt",""<br></br>
"3237-Vehicle-3237 Zhannag","3237-Vehicle-3237 Zhannag.gif","3237-Vehicle-3237 Zhannag.txt",""<br></br>
"3237-Worlds","3237-Worlds.gif","3237-Worlds.txt",""<br></br>
"Vland Sector","Vland Sector.gif","Vland Sector.txt",""<br></br>
