"2740 P'ginzh Belts","2740 P'ginzh Belts.gif","2740 P'ginzh Belts.txt",""<br></br>
"2740 P'ginzh Defences","2740 P'ginzh Defences.gif","2740 P'ginzh Defences.txt",""<br></br>
"2740 P'ginzh Gas Giants","2740 P'ginzh Gas Giants.gif","2740 P'ginzh Gas Giants.txt",""<br></br>
"2740 P'ginzh Population","2740 P'ginzh Population.gif","2740 P'ginzh Population.txt",""<br></br>
"2740 P'ginzh SDBs","2740 P'ginzh SDBs.gif","2740 P'ginzh SDBs.txt",""<br></br>
"2740 P'ginzh Squadrons","2740 P'ginzh Squadrons.gif","2740 P'ginzh Squadrons.txt",""<br></br>
"2740 P'ginzh Troops","2740 P'ginzh Troops.gif","2740 P'ginzh Troops.txt",""<br></br>
"2740 P'ginzh World","2740 P'ginzh World.gif","2740 P'ginzh World.txt",""<br></br>
"2740 P'ginzh Worlds","2740 P'ginzh Worlds.gif","2740 P'ginzh Worlds.txt",""<br></br>
"2740 P'ginzh","2740 P'ginzh.gif","2740 P'ginzh.txt",""<br></br>
"2740-Admiral","2740-Admiral.gif","2740-Admiral.txt",""<br></br>
"2740-Army","2740-Army.gif","2740-Army.txt",""<br></br>
"2740-Belts","2740-Belts.gif","2740-Belts.txt",""<br></br>
"2740-Blank","2740-Blank.gif","2740-Blank.txt",""<br></br>
"2740-Defences","2740-Defences.gif","2740-Defences.txt",""<br></br>
"2740-Equipment-2740 P'ginzh","2740-Equipment-2740 P'ginzh.gif","2740-Equipment-2740 P'ginzh.txt",""<br></br>
"2740-Fleet","2740-Fleet.gif","2740-Fleet.txt",""<br></br>
"2740-Gas Giants","2740-Gas Giants.gif","2740-Gas Giants.txt",""<br></br>
"2740-Maps","2740-Maps.gif","2740-Maps.txt",""<br></br>
"2740-Marine","2740-Marine.gif","2740-Marine.txt",""<br></br>
"2740-Merchant","2740-Merchant.gif","2740-Merchant.txt",""<br></br>
"2740-Navy","2740-Navy.gif","2740-Navy.txt",""<br></br>
"2740-Orbitals","2740-Orbitals.gif","2740-Orbitals.txt",""<br></br>
"2740-Orbits","2740-Orbits.gif","2740-Orbits.txt",""<br></br>
"2740-Other","2740-Other.gif","2740-Other.txt",""<br></br>
"2740-Planets","2740-Planets.gif","2740-Planets.txt",""<br></br>
"2740-Population","2740-Population.gif","2740-Population.txt",""<br></br>
"2740-Scout","2740-Scout.gif","2740-Scout.txt",""<br></br>
"2740-SDBs","2740-SDBs.gif","2740-SDBs.txt",""<br></br>
"2740-Ship-2740 P'ginzh","2740-Ship-2740 P'ginzh.gif","2740-Ship-2740 P'ginzh.txt",""<br></br>
"2740-Squadron","2740-Squadron.gif","2740-Squadron.txt",""<br></br>
"2740-Squadrons","2740-Squadrons.gif","2740-Squadrons.txt",""<br></br>
"2740-Stars","2740-Stars.gif","2740-Stars.txt",""<br></br>
"2740-Subsector","2740-Subsector.gif","2740-Subsector.txt",""<br></br>
"2740-System","2740-System.gif","2740-System.txt",""<br></br>
"2740-T5C-2740 P'ginzh","2740-T5C-2740 P'ginzh.gif","2740-T5C-2740 P'ginzh.txt",""<br></br>
"2740-Troop","2740-Troop.gif","2740-Troop.txt",""<br></br>
"2740-Troops","2740-Troops.gif","2740-Troops.txt",""<br></br>
"2740-UWP","2740-UWP.gif","2740-UWP.txt",""<br></br>
"2740-Vehicle-2740 P'ginzh","2740-Vehicle-2740 P'ginzh.gif","2740-Vehicle-2740 P'ginzh.txt",""<br></br>
"2740-Worlds","2740-Worlds.gif","2740-Worlds.txt",""<br></br>
"Vland Sector","Vland Sector.gif","Vland Sector.txt",""<br></br>
