"2831 Kiimzhal Belts","2831 Kiimzhal Belts.gif","2831 Kiimzhal Belts.txt",""<br></br>
"2831 Kiimzhal Defences","2831 Kiimzhal Defences.gif","2831 Kiimzhal Defences.txt",""<br></br>
"2831 Kiimzhal Gas Giants","2831 Kiimzhal Gas Giants.gif","2831 Kiimzhal Gas Giants.txt",""<br></br>
"2831 Kiimzhal Population","2831 Kiimzhal Population.gif","2831 Kiimzhal Population.txt",""<br></br>
"2831 Kiimzhal SDBs","2831 Kiimzhal SDBs.gif","2831 Kiimzhal SDBs.txt",""<br></br>
"2831 Kiimzhal Squadrons","2831 Kiimzhal Squadrons.gif","2831 Kiimzhal Squadrons.txt",""<br></br>
"2831 Kiimzhal Troops","2831 Kiimzhal Troops.gif","2831 Kiimzhal Troops.txt",""<br></br>
"2831 Kiimzhal World","2831 Kiimzhal World.gif","2831 Kiimzhal World.txt",""<br></br>
"2831 Kiimzhal Worlds","2831 Kiimzhal Worlds.gif","2831 Kiimzhal Worlds.txt",""<br></br>
"2831 Kiimzhal","2831 Kiimzhal.gif","2831 Kiimzhal.txt",""<br></br>
"2831-Admiral","2831-Admiral.gif","2831-Admiral.txt",""<br></br>
"2831-Army","2831-Army.gif","2831-Army.txt",""<br></br>
"2831-Belts","2831-Belts.gif","2831-Belts.txt",""<br></br>
"2831-Blank","2831-Blank.gif","2831-Blank.txt",""<br></br>
"2831-Defences","2831-Defences.gif","2831-Defences.txt",""<br></br>
"2831-Equipment-2831 Kiimzhal","2831-Equipment-2831 Kiimzhal.gif","2831-Equipment-2831 Kiimzhal.txt",""<br></br>
"2831-Fleet","2831-Fleet.gif","2831-Fleet.txt",""<br></br>
"2831-Gas Giants","2831-Gas Giants.gif","2831-Gas Giants.txt",""<br></br>
"2831-Maps","2831-Maps.gif","2831-Maps.txt",""<br></br>
"2831-Marine","2831-Marine.gif","2831-Marine.txt",""<br></br>
"2831-Merchant","2831-Merchant.gif","2831-Merchant.txt",""<br></br>
"2831-Navy","2831-Navy.gif","2831-Navy.txt",""<br></br>
"2831-Orbitals","2831-Orbitals.gif","2831-Orbitals.txt",""<br></br>
"2831-Orbits","2831-Orbits.gif","2831-Orbits.txt",""<br></br>
"2831-Other","2831-Other.gif","2831-Other.txt",""<br></br>
"2831-Planets","2831-Planets.gif","2831-Planets.txt",""<br></br>
"2831-Population","2831-Population.gif","2831-Population.txt",""<br></br>
"2831-Scout","2831-Scout.gif","2831-Scout.txt",""<br></br>
"2831-SDBs","2831-SDBs.gif","2831-SDBs.txt",""<br></br>
"2831-Ship-2831 Kiimzhal","2831-Ship-2831 Kiimzhal.gif","2831-Ship-2831 Kiimzhal.txt",""<br></br>
"2831-Squadron","2831-Squadron.gif","2831-Squadron.txt",""<br></br>
"2831-Squadrons","2831-Squadrons.gif","2831-Squadrons.txt",""<br></br>
"2831-Stars","2831-Stars.gif","2831-Stars.txt",""<br></br>
"2831-Subsector","2831-Subsector.gif","2831-Subsector.txt",""<br></br>
"2831-System","2831-System.gif","2831-System.txt",""<br></br>
"2831-T5C-2831 Kiimzhal","2831-T5C-2831 Kiimzhal.gif","2831-T5C-2831 Kiimzhal.txt",""<br></br>
"2831-Troop","2831-Troop.gif","2831-Troop.txt",""<br></br>
"2831-Troops","2831-Troops.gif","2831-Troops.txt",""<br></br>
"2831-UWP","2831-UWP.gif","2831-UWP.txt",""<br></br>
"2831-Vehicle-2831 Kiimzhal","2831-Vehicle-2831 Kiimzhal.gif","2831-Vehicle-2831 Kiimzhal.txt",""<br></br>
"2831-Worlds","2831-Worlds.gif","2831-Worlds.txt",""<br></br>
"Vland Sector","Vland Sector.gif","Vland Sector.txt",""<br></br>
