"3232 Tamayo Belts","3232 Tamayo Belts.gif","3232 Tamayo Belts.txt",""<br></br>
"3232 Tamayo Defences","3232 Tamayo Defences.gif","3232 Tamayo Defences.txt",""<br></br>
"3232 Tamayo Gas Giants","3232 Tamayo Gas Giants.gif","3232 Tamayo Gas Giants.txt",""<br></br>
"3232 Tamayo Population","3232 Tamayo Population.gif","3232 Tamayo Population.txt",""<br></br>
"3232 Tamayo SDBs","3232 Tamayo SDBs.gif","3232 Tamayo SDBs.txt",""<br></br>
"3232 Tamayo Squadrons","3232 Tamayo Squadrons.gif","3232 Tamayo Squadrons.txt",""<br></br>
"3232 Tamayo Troops","3232 Tamayo Troops.gif","3232 Tamayo Troops.txt",""<br></br>
"3232 Tamayo World","3232 Tamayo World.gif","3232 Tamayo World.txt",""<br></br>
"3232 Tamayo Worlds","3232 Tamayo Worlds.gif","3232 Tamayo Worlds.txt",""<br></br>
"3232 Tamayo","3232 Tamayo.gif","3232 Tamayo.txt",""<br></br>
"3232-Admiral","3232-Admiral.gif","3232-Admiral.txt",""<br></br>
"3232-Army","3232-Army.gif","3232-Army.txt",""<br></br>
"3232-Belts","3232-Belts.gif","3232-Belts.txt",""<br></br>
"3232-Blank","3232-Blank.gif","3232-Blank.txt",""<br></br>
"3232-Defences","3232-Defences.gif","3232-Defences.txt",""<br></br>
"3232-Equipment-3232 Tamayo","3232-Equipment-3232 Tamayo.gif","3232-Equipment-3232 Tamayo.txt",""<br></br>
"3232-Fleet","3232-Fleet.gif","3232-Fleet.txt",""<br></br>
"3232-Gas Giants","3232-Gas Giants.gif","3232-Gas Giants.txt",""<br></br>
"3232-Maps","3232-Maps.gif","3232-Maps.txt",""<br></br>
"3232-Marine","3232-Marine.gif","3232-Marine.txt",""<br></br>
"3232-Merchant","3232-Merchant.gif","3232-Merchant.txt",""<br></br>
"3232-Navy","3232-Navy.gif","3232-Navy.txt",""<br></br>
"3232-Orbitals","3232-Orbitals.gif","3232-Orbitals.txt",""<br></br>
"3232-Orbits","3232-Orbits.gif","3232-Orbits.txt",""<br></br>
"3232-Other","3232-Other.gif","3232-Other.txt",""<br></br>
"3232-Planets","3232-Planets.gif","3232-Planets.txt",""<br></br>
"3232-Population","3232-Population.gif","3232-Population.txt",""<br></br>
"3232-Scout","3232-Scout.gif","3232-Scout.txt",""<br></br>
"3232-SDBs","3232-SDBs.gif","3232-SDBs.txt",""<br></br>
"3232-Ship-3232 Tamayo","3232-Ship-3232 Tamayo.gif","3232-Ship-3232 Tamayo.txt",""<br></br>
"3232-Squadron","3232-Squadron.gif","3232-Squadron.txt",""<br></br>
"3232-Squadrons","3232-Squadrons.gif","3232-Squadrons.txt",""<br></br>
"3232-Stars","3232-Stars.gif","3232-Stars.txt",""<br></br>
"3232-Subsector","3232-Subsector.gif","3232-Subsector.txt",""<br></br>
"3232-System","3232-System.gif","3232-System.txt",""<br></br>
"3232-T5C-3232 Tamayo","3232-T5C-3232 Tamayo.gif","3232-T5C-3232 Tamayo.txt",""<br></br>
"3232-Troop","3232-Troop.gif","3232-Troop.txt",""<br></br>
"3232-Troops","3232-Troops.gif","3232-Troops.txt",""<br></br>
"3232-UWP","3232-UWP.gif","3232-UWP.txt",""<br></br>
"3232-Vehicle-3232 Tamayo","3232-Vehicle-3232 Tamayo.gif","3232-Vehicle-3232 Tamayo.txt",""<br></br>
"3232-Worlds","3232-Worlds.gif","3232-Worlds.txt",""<br></br>
"Vland Sector","Vland Sector.gif","Vland Sector.txt",""<br></br>
