"2631 Kane Belts","2631 Kane Belts.gif","2631 Kane Belts.txt",""<br></br>
"2631 Kane Defences","2631 Kane Defences.gif","2631 Kane Defences.txt",""<br></br>
"2631 Kane Gas Giants","2631 Kane Gas Giants.gif","2631 Kane Gas Giants.txt",""<br></br>
"2631 Kane Population","2631 Kane Population.gif","2631 Kane Population.txt",""<br></br>
"2631 Kane SDBs","2631 Kane SDBs.gif","2631 Kane SDBs.txt",""<br></br>
"2631 Kane Squadrons","2631 Kane Squadrons.gif","2631 Kane Squadrons.txt",""<br></br>
"2631 Kane Troops","2631 Kane Troops.gif","2631 Kane Troops.txt",""<br></br>
"2631 Kane World","2631 Kane World.gif","2631 Kane World.txt",""<br></br>
"2631 Kane Worlds","2631 Kane Worlds.gif","2631 Kane Worlds.txt",""<br></br>
"2631 Kane","2631 Kane.gif","2631 Kane.txt",""<br></br>
"2631-Admiral","2631-Admiral.gif","2631-Admiral.txt",""<br></br>
"2631-Army","2631-Army.gif","2631-Army.txt",""<br></br>
"2631-Belts","2631-Belts.gif","2631-Belts.txt",""<br></br>
"2631-Blank","2631-Blank.gif","2631-Blank.txt",""<br></br>
"2631-Defences","2631-Defences.gif","2631-Defences.txt",""<br></br>
"2631-Equipment-2631 Kane","2631-Equipment-2631 Kane.gif","2631-Equipment-2631 Kane.txt",""<br></br>
"2631-Fleet","2631-Fleet.gif","2631-Fleet.txt",""<br></br>
"2631-Gas Giants","2631-Gas Giants.gif","2631-Gas Giants.txt",""<br></br>
"2631-Maps","2631-Maps.gif","2631-Maps.txt",""<br></br>
"2631-Marine","2631-Marine.gif","2631-Marine.txt",""<br></br>
"2631-Merchant","2631-Merchant.gif","2631-Merchant.txt",""<br></br>
"2631-Navy","2631-Navy.gif","2631-Navy.txt",""<br></br>
"2631-Orbitals","2631-Orbitals.gif","2631-Orbitals.txt",""<br></br>
"2631-Orbits","2631-Orbits.gif","2631-Orbits.txt",""<br></br>
"2631-Other","2631-Other.gif","2631-Other.txt",""<br></br>
"2631-Planets","2631-Planets.gif","2631-Planets.txt",""<br></br>
"2631-Population","2631-Population.gif","2631-Population.txt",""<br></br>
"2631-Scout","2631-Scout.gif","2631-Scout.txt",""<br></br>
"2631-SDBs","2631-SDBs.gif","2631-SDBs.txt",""<br></br>
"2631-Ship-2631 Kane","2631-Ship-2631 Kane.gif","2631-Ship-2631 Kane.txt",""<br></br>
"2631-Squadron","2631-Squadron.gif","2631-Squadron.txt",""<br></br>
"2631-Squadrons","2631-Squadrons.gif","2631-Squadrons.txt",""<br></br>
"2631-Stars","2631-Stars.gif","2631-Stars.txt",""<br></br>
"2631-Subsector","2631-Subsector.gif","2631-Subsector.txt",""<br></br>
"2631-System","2631-System.gif","2631-System.txt",""<br></br>
"2631-T5C-2631 Kane","2631-T5C-2631 Kane.gif","2631-T5C-2631 Kane.txt",""<br></br>
"2631-Troop","2631-Troop.gif","2631-Troop.txt",""<br></br>
"2631-Troops","2631-Troops.gif","2631-Troops.txt",""<br></br>
"2631-UWP","2631-UWP.gif","2631-UWP.txt",""<br></br>
"2631-Vehicle-2631 Kane","2631-Vehicle-2631 Kane.gif","2631-Vehicle-2631 Kane.txt",""<br></br>
"2631-Worlds","2631-Worlds.gif","2631-Worlds.txt",""<br></br>
"jLabel13","jLabel13.gif","jLabel13.txt",""<br></br>
"Vland Sector","Vland Sector.gif","Vland Sector.txt",""<br></br>
