"3134 Toborit Belts","3134 Toborit Belts.gif","3134 Toborit Belts.txt",""<br></br>
"3134 Toborit Defences","3134 Toborit Defences.gif","3134 Toborit Defences.txt",""<br></br>
"3134 Toborit Gas Giants","3134 Toborit Gas Giants.gif","3134 Toborit Gas Giants.txt",""<br></br>
"3134 Toborit Population","3134 Toborit Population.gif","3134 Toborit Population.txt",""<br></br>
"3134 Toborit SDBs","3134 Toborit SDBs.gif","3134 Toborit SDBs.txt",""<br></br>
"3134 Toborit Squadrons","3134 Toborit Squadrons.gif","3134 Toborit Squadrons.txt",""<br></br>
"3134 Toborit Troops","3134 Toborit Troops.gif","3134 Toborit Troops.txt",""<br></br>
"3134 Toborit World","3134 Toborit World.gif","3134 Toborit World.txt",""<br></br>
"3134 Toborit Worlds","3134 Toborit Worlds.gif","3134 Toborit Worlds.txt",""<br></br>
"3134 Toborit","3134 Toborit.gif","3134 Toborit.txt",""<br></br>
"3134-Admiral","3134-Admiral.gif","3134-Admiral.txt",""<br></br>
"3134-Army","3134-Army.gif","3134-Army.txt",""<br></br>
"3134-Belts","3134-Belts.gif","3134-Belts.txt",""<br></br>
"3134-Blank","3134-Blank.gif","3134-Blank.txt",""<br></br>
"3134-Defences","3134-Defences.gif","3134-Defences.txt",""<br></br>
"3134-Equipment-3134 Toborit","3134-Equipment-3134 Toborit.gif","3134-Equipment-3134 Toborit.txt",""<br></br>
"3134-Fleet","3134-Fleet.gif","3134-Fleet.txt",""<br></br>
"3134-Gas Giants","3134-Gas Giants.gif","3134-Gas Giants.txt",""<br></br>
"3134-Maps","3134-Maps.gif","3134-Maps.txt",""<br></br>
"3134-Marine","3134-Marine.gif","3134-Marine.txt",""<br></br>
"3134-Merchant","3134-Merchant.gif","3134-Merchant.txt",""<br></br>
"3134-Navy","3134-Navy.gif","3134-Navy.txt",""<br></br>
"3134-Orbitals","3134-Orbitals.gif","3134-Orbitals.txt",""<br></br>
"3134-Orbits","3134-Orbits.gif","3134-Orbits.txt",""<br></br>
"3134-Other","3134-Other.gif","3134-Other.txt",""<br></br>
"3134-Planets","3134-Planets.gif","3134-Planets.txt",""<br></br>
"3134-Population","3134-Population.gif","3134-Population.txt",""<br></br>
"3134-Scout","3134-Scout.gif","3134-Scout.txt",""<br></br>
"3134-SDBs","3134-SDBs.gif","3134-SDBs.txt",""<br></br>
"3134-Ship-3134 Toborit","3134-Ship-3134 Toborit.gif","3134-Ship-3134 Toborit.txt",""<br></br>
"3134-Squadron","3134-Squadron.gif","3134-Squadron.txt",""<br></br>
"3134-Squadrons","3134-Squadrons.gif","3134-Squadrons.txt",""<br></br>
"3134-Stars","3134-Stars.gif","3134-Stars.txt",""<br></br>
"3134-Subsector","3134-Subsector.gif","3134-Subsector.txt",""<br></br>
"3134-System","3134-System.gif","3134-System.txt",""<br></br>
"3134-T5C-3134 Toborit","3134-T5C-3134 Toborit.gif","3134-T5C-3134 Toborit.txt",""<br></br>
"3134-Troop","3134-Troop.gif","3134-Troop.txt",""<br></br>
"3134-Troops","3134-Troops.gif","3134-Troops.txt",""<br></br>
"3134-UWP","3134-UWP.gif","3134-UWP.txt",""<br></br>
"3134-Vehicle-3134 Toborit","3134-Vehicle-3134 Toborit.gif","3134-Vehicle-3134 Toborit.txt",""<br></br>
"3134-Worlds","3134-Worlds.gif","3134-Worlds.txt",""<br></br>
"Vland Sector","Vland Sector.gif","Vland Sector.txt",""<br></br>
