"2836 Inushir Belts","2836 Inushir Belts.gif","2836 Inushir Belts.txt",""<br></br>
"2836 Inushir Defences","2836 Inushir Defences.gif","2836 Inushir Defences.txt",""<br></br>
"2836 Inushir Gas Giants","2836 Inushir Gas Giants.gif","2836 Inushir Gas Giants.txt",""<br></br>
"2836 Inushir Population","2836 Inushir Population.gif","2836 Inushir Population.txt",""<br></br>
"2836 Inushir SDBs","2836 Inushir SDBs.gif","2836 Inushir SDBs.txt",""<br></br>
"2836 Inushir Troops","2836 Inushir Troops.gif","2836 Inushir Troops.txt",""<br></br>
"2836 Inushir World","2836 Inushir World.gif","2836 Inushir World.txt",""<br></br>
"2836 Inushir Worlds","2836 Inushir Worlds.gif","2836 Inushir Worlds.txt",""<br></br>
"2836 Inushir","2836 Inushir.gif","2836 Inushir.txt",""<br></br>
"2836-Admiral","2836-Admiral.gif","2836-Admiral.txt",""<br></br>
"2836-Army","2836-Army.gif","2836-Army.txt",""<br></br>
"2836-Belts","2836-Belts.gif","2836-Belts.txt",""<br></br>
"2836-Blank","2836-Blank.gif","2836-Blank.txt",""<br></br>
"2836-Defences","2836-Defences.gif","2836-Defences.txt",""<br></br>
"2836-Equipment-2836 Inushir","2836-Equipment-2836 Inushir.gif","2836-Equipment-2836 Inushir.txt",""<br></br>
"2836-Fleet","2836-Fleet.gif","2836-Fleet.txt",""<br></br>
"2836-Gas Giants","2836-Gas Giants.gif","2836-Gas Giants.txt",""<br></br>
"2836-Maps","2836-Maps.gif","2836-Maps.txt",""<br></br>
"2836-Marine","2836-Marine.gif","2836-Marine.txt",""<br></br>
"2836-Merchant","2836-Merchant.gif","2836-Merchant.txt",""<br></br>
"2836-Navy","2836-Navy.gif","2836-Navy.txt",""<br></br>
"2836-Orbitals","2836-Orbitals.gif","2836-Orbitals.txt",""<br></br>
"2836-Orbits","2836-Orbits.gif","2836-Orbits.txt",""<br></br>
"2836-Other","2836-Other.gif","2836-Other.txt",""<br></br>
"2836-Planets","2836-Planets.gif","2836-Planets.txt",""<br></br>
"2836-Population","2836-Population.gif","2836-Population.txt",""<br></br>
"2836-Scout","2836-Scout.gif","2836-Scout.txt",""<br></br>
"2836-SDBs","2836-SDBs.gif","2836-SDBs.txt",""<br></br>
"2836-Ship-2836 Inushir","2836-Ship-2836 Inushir.gif","2836-Ship-2836 Inushir.txt",""<br></br>
"2836-Squadron","2836-Squadron.gif","2836-Squadron.txt",""<br></br>
"2836-Squadrons","2836-Squadrons.gif","2836-Squadrons.txt",""<br></br>
"2836-Stars","2836-Stars.gif","2836-Stars.txt",""<br></br>
"2836-Subsector","2836-Subsector.gif","2836-Subsector.txt",""<br></br>
"2836-System","2836-System.gif","2836-System.txt",""<br></br>
"2836-T5C-2836 Inushir","2836-T5C-2836 Inushir.gif","2836-T5C-2836 Inushir.txt",""<br></br>
"2836-Troop","2836-Troop.gif","2836-Troop.txt",""<br></br>
"2836-Troops","2836-Troops.gif","2836-Troops.txt",""<br></br>
"2836-UWP","2836-UWP.gif","2836-UWP.txt",""<br></br>
"2836-Vehicle-2836 Inushir","2836-Vehicle-2836 Inushir.gif","2836-Vehicle-2836 Inushir.txt",""<br></br>
"2836-Worlds","2836-Worlds.gif","2836-Worlds.txt",""<br></br>
"Vland Sector","Vland Sector.gif","Vland Sector.txt",""<br></br>
