"2734 Rambant Belts","2734 Rambant Belts.gif","2734 Rambant Belts.txt",""<br></br>
"2734 Rambant Defences","2734 Rambant Defences.gif","2734 Rambant Defences.txt",""<br></br>
"2734 Rambant Gas Giants","2734 Rambant Gas Giants.gif","2734 Rambant Gas Giants.txt",""<br></br>
"2734 Rambant Population","2734 Rambant Population.gif","2734 Rambant Population.txt",""<br></br>
"2734 Rambant SDBs","2734 Rambant SDBs.gif","2734 Rambant SDBs.txt",""<br></br>
"2734 Rambant Squadrons","2734 Rambant Squadrons.gif","2734 Rambant Squadrons.txt",""<br></br>
"2734 Rambant Troops","2734 Rambant Troops.gif","2734 Rambant Troops.txt",""<br></br>
"2734 Rambant World","2734 Rambant World.gif","2734 Rambant World.txt",""<br></br>
"2734 Rambant Worlds","2734 Rambant Worlds.gif","2734 Rambant Worlds.txt",""<br></br>
"2734 Rambant","2734 Rambant.gif","2734 Rambant.txt",""<br></br>
"2734-Admiral","2734-Admiral.gif","2734-Admiral.txt",""<br></br>
"2734-Army","2734-Army.gif","2734-Army.txt",""<br></br>
"2734-Belts","2734-Belts.gif","2734-Belts.txt",""<br></br>
"2734-Blank","2734-Blank.gif","2734-Blank.txt",""<br></br>
"2734-Defences","2734-Defences.gif","2734-Defences.txt",""<br></br>
"2734-Equipment-2734 Rambant","2734-Equipment-2734 Rambant.gif","2734-Equipment-2734 Rambant.txt",""<br></br>
"2734-Fleet","2734-Fleet.gif","2734-Fleet.txt",""<br></br>
"2734-Gas Giants","2734-Gas Giants.gif","2734-Gas Giants.txt",""<br></br>
"2734-Maps","2734-Maps.gif","2734-Maps.txt",""<br></br>
"2734-Marine","2734-Marine.gif","2734-Marine.txt",""<br></br>
"2734-Merchant","2734-Merchant.gif","2734-Merchant.txt",""<br></br>
"2734-Navy","2734-Navy.gif","2734-Navy.txt",""<br></br>
"2734-Orbitals","2734-Orbitals.gif","2734-Orbitals.txt",""<br></br>
"2734-Orbits","2734-Orbits.gif","2734-Orbits.txt",""<br></br>
"2734-Other","2734-Other.gif","2734-Other.txt",""<br></br>
"2734-Planets","2734-Planets.gif","2734-Planets.txt",""<br></br>
"2734-Population","2734-Population.gif","2734-Population.txt",""<br></br>
"2734-Scout","2734-Scout.gif","2734-Scout.txt",""<br></br>
"2734-SDBs","2734-SDBs.gif","2734-SDBs.txt",""<br></br>
"2734-Ship-2734 Rambant","2734-Ship-2734 Rambant.gif","2734-Ship-2734 Rambant.txt",""<br></br>
"2734-Squadron","2734-Squadron.gif","2734-Squadron.txt",""<br></br>
"2734-Squadrons","2734-Squadrons.gif","2734-Squadrons.txt",""<br></br>
"2734-Stars","2734-Stars.gif","2734-Stars.txt",""<br></br>
"2734-Subsector","2734-Subsector.gif","2734-Subsector.txt",""<br></br>
"2734-System","2734-System.gif","2734-System.txt",""<br></br>
"2734-T5C-2734 Rambant","2734-T5C-2734 Rambant.gif","2734-T5C-2734 Rambant.txt",""<br></br>
"2734-Troop","2734-Troop.gif","2734-Troop.txt",""<br></br>
"2734-Troops","2734-Troops.gif","2734-Troops.txt",""<br></br>
"2734-UWP","2734-UWP.gif","2734-UWP.txt",""<br></br>
"2734-Vehicle-2734 Rambant","2734-Vehicle-2734 Rambant.gif","2734-Vehicle-2734 Rambant.txt",""<br></br>
"2734-Worlds","2734-Worlds.gif","2734-Worlds.txt",""<br></br>
"Vland Sector","Vland Sector.gif","Vland Sector.txt",""<br></br>
