"2540 Kalaalit Belts","2540 Kalaalit Belts.gif","2540 Kalaalit Belts.txt",""<br></br>
"2540 Kalaalit Defences","2540 Kalaalit Defences.gif","2540 Kalaalit Defences.txt",""<br></br>
"2540 Kalaalit Gas Giants","2540 Kalaalit Gas Giants.gif","2540 Kalaalit Gas Giants.txt",""<br></br>
"2540 Kalaalit Population","2540 Kalaalit Population.gif","2540 Kalaalit Population.txt",""<br></br>
"2540 Kalaalit SDBs","2540 Kalaalit SDBs.gif","2540 Kalaalit SDBs.txt",""<br></br>
"2540 Kalaalit Squadrons","2540 Kalaalit Squadrons.gif","2540 Kalaalit Squadrons.txt",""<br></br>
"2540 Kalaalit Troops","2540 Kalaalit Troops.gif","2540 Kalaalit Troops.txt",""<br></br>
"2540 Kalaalit World","2540 Kalaalit World.gif","2540 Kalaalit World.txt",""<br></br>
"2540 Kalaalit Worlds","2540 Kalaalit Worlds.gif","2540 Kalaalit Worlds.txt",""<br></br>
"2540 Kalaalit","2540 Kalaalit.gif","2540 Kalaalit.txt",""<br></br>
"2540-Admiral-1","2540-Admiral-1.gif","2540-Admiral-1.txt",""<br></br>
"2540-Admiral-2","2540-Admiral-2.gif","2540-Admiral-2.txt",""<br></br>
"2540-Admiral","2540-Admiral.gif","2540-Admiral.txt",""<br></br>
"2540-Army","2540-Army.gif","2540-Army.txt",""<br></br>
"2540-Belts","2540-Belts.gif","2540-Belts.txt",""<br></br>
"2540-Blank","2540-Blank.gif","2540-Blank.txt",""<br></br>
"2540-Defences","2540-Defences.gif","2540-Defences.txt",""<br></br>
"2540-Equipment-2540 Kalaalit","2540-Equipment-2540 Kalaalit.gif","2540-Equipment-2540 Kalaalit.txt",""<br></br>
"2540-Fleet","2540-Fleet.gif","2540-Fleet.txt",""<br></br>
"2540-Gas Giants","2540-Gas Giants.gif","2540-Gas Giants.txt",""<br></br>
"2540-Maps","2540-Maps.gif","2540-Maps.txt",""<br></br>
"2540-Marine","2540-Marine.gif","2540-Marine.txt",""<br></br>
"2540-Merchant","2540-Merchant.gif","2540-Merchant.txt",""<br></br>
"2540-Navy","2540-Navy.gif","2540-Navy.txt",""<br></br>
"2540-Orbit-0","2540-Orbit-0.gif","2540-Orbit-0.txt",""<br></br>
"2540-Orbit-1","2540-Orbit-1.gif","2540-Orbit-1.txt",""<br></br>
"2540-Orbit-13","2540-Orbit-13.gif","2540-Orbit-13.txt",""<br></br>
"2540-Orbit-2","2540-Orbit-2.gif","2540-Orbit-2.txt",""<br></br>
"2540-Orbitals","2540-Orbitals.gif","2540-Orbitals.txt",""<br></br>
"2540-Orbits","2540-Orbits.gif","2540-Orbits.txt",""<br></br>
"2540-Other","2540-Other.gif","2540-Other.txt",""<br></br>
"2540-Planets","2540-Planets.gif","2540-Planets.txt",""<br></br>
"2540-Population","2540-Population.gif","2540-Population.txt",""<br></br>
"2540-Scout","2540-Scout.gif","2540-Scout.txt",""<br></br>
"2540-SDBs","2540-SDBs.gif","2540-SDBs.txt",""<br></br>
"2540-Ship-2540 Kalaalit","2540-Ship-2540 Kalaalit.gif","2540-Ship-2540 Kalaalit.txt",""<br></br>
"2540-Squadron-C001","2540-Squadron-C001.gif","2540-Squadron-C001.txt",""<br></br>
"2540-Squadron-C002","2540-Squadron-C002.gif","2540-Squadron-C002.txt",""<br></br>
"2540-Squadron","2540-Squadron.gif","2540-Squadron.txt",""<br></br>
"2540-Squadrons","2540-Squadrons.gif","2540-Squadrons.txt",""<br></br>
"2540-Stars","2540-Stars.gif","2540-Stars.txt",""<br></br>
"2540-Subsector","2540-Subsector.gif","2540-Subsector.txt",""<br></br>
"2540-System","2540-System.gif","2540-System.txt",""<br></br>
"2540-T5C-2540 Kalaalit","2540-T5C-2540 Kalaalit.gif","2540-T5C-2540 Kalaalit.txt",""<br></br>
"2540-Troop-0001","2540-Troop-0001.gif","2540-Troop-0001.txt",""<br></br>
"2540-Troop-0002","2540-Troop-0002.gif","2540-Troop-0002.txt",""<br></br>
"2540-Troop-0003","2540-Troop-0003.gif","2540-Troop-0003.txt",""<br></br>
"2540-Troop-0004","2540-Troop-0004.gif","2540-Troop-0004.txt",""<br></br>
"2540-Troop","2540-Troop.gif","2540-Troop.txt",""<br></br>
"2540-Troops","2540-Troops.gif","2540-Troops.txt",""<br></br>
"2540-UWP","2540-UWP.gif","2540-UWP.txt",""<br></br>
"2540-Vehicle-2540 Kalaalit","2540-Vehicle-2540 Kalaalit.gif","2540-Vehicle-2540 Kalaalit.txt",""<br></br>
"2540-Worlds","2540-Worlds.gif","2540-Worlds.txt",""<br></br>
"jLabel13","jLabel13.gif","jLabel13.txt",""<br></br>
"Vland Sector","Vland Sector.gif","Vland Sector.txt",""<br></br>
