"2933 Kanat Belts","2933 Kanat Belts.gif","2933 Kanat Belts.txt",""<br></br>
"2933 Kanat Defences","2933 Kanat Defences.gif","2933 Kanat Defences.txt",""<br></br>
"2933 Kanat Gas Giants","2933 Kanat Gas Giants.gif","2933 Kanat Gas Giants.txt",""<br></br>
"2933 Kanat Population","2933 Kanat Population.gif","2933 Kanat Population.txt",""<br></br>
"2933 Kanat SDBs","2933 Kanat SDBs.gif","2933 Kanat SDBs.txt",""<br></br>
"2933 Kanat Squadrons","2933 Kanat Squadrons.gif","2933 Kanat Squadrons.txt",""<br></br>
"2933 Kanat Troops","2933 Kanat Troops.gif","2933 Kanat Troops.txt",""<br></br>
"2933 Kanat World","2933 Kanat World.gif","2933 Kanat World.txt",""<br></br>
"2933 Kanat Worlds","2933 Kanat Worlds.gif","2933 Kanat Worlds.txt",""<br></br>
"2933 Kanat","2933 Kanat.gif","2933 Kanat.txt",""<br></br>
"2933-Admiral","2933-Admiral.gif","2933-Admiral.txt",""<br></br>
"2933-Army","2933-Army.gif","2933-Army.txt",""<br></br>
"2933-Belts","2933-Belts.gif","2933-Belts.txt",""<br></br>
"2933-Blank","2933-Blank.gif","2933-Blank.txt",""<br></br>
"2933-Defences","2933-Defences.gif","2933-Defences.txt",""<br></br>
"2933-Equipment-2933 Kanat","2933-Equipment-2933 Kanat.gif","2933-Equipment-2933 Kanat.txt",""<br></br>
"2933-Fleet","2933-Fleet.gif","2933-Fleet.txt",""<br></br>
"2933-Gas Giants","2933-Gas Giants.gif","2933-Gas Giants.txt",""<br></br>
"2933-Maps","2933-Maps.gif","2933-Maps.txt",""<br></br>
"2933-Marine","2933-Marine.gif","2933-Marine.txt",""<br></br>
"2933-Merchant","2933-Merchant.gif","2933-Merchant.txt",""<br></br>
"2933-Navy","2933-Navy.gif","2933-Navy.txt",""<br></br>
"2933-Orbitals","2933-Orbitals.gif","2933-Orbitals.txt",""<br></br>
"2933-Orbits","2933-Orbits.gif","2933-Orbits.txt",""<br></br>
"2933-Other","2933-Other.gif","2933-Other.txt",""<br></br>
"2933-Planets","2933-Planets.gif","2933-Planets.txt",""<br></br>
"2933-Population","2933-Population.gif","2933-Population.txt",""<br></br>
"2933-Scout","2933-Scout.gif","2933-Scout.txt",""<br></br>
"2933-SDBs","2933-SDBs.gif","2933-SDBs.txt",""<br></br>
"2933-Ship-2933 Kanat","2933-Ship-2933 Kanat.gif","2933-Ship-2933 Kanat.txt",""<br></br>
"2933-Squadron","2933-Squadron.gif","2933-Squadron.txt",""<br></br>
"2933-Squadrons","2933-Squadrons.gif","2933-Squadrons.txt",""<br></br>
"2933-Stars","2933-Stars.gif","2933-Stars.txt",""<br></br>
"2933-Subsector","2933-Subsector.gif","2933-Subsector.txt",""<br></br>
"2933-System","2933-System.gif","2933-System.txt",""<br></br>
"2933-T5C-2933 Kanat","2933-T5C-2933 Kanat.gif","2933-T5C-2933 Kanat.txt",""<br></br>
"2933-Troop","2933-Troop.gif","2933-Troop.txt",""<br></br>
"2933-Troops","2933-Troops.gif","2933-Troops.txt",""<br></br>
"2933-UWP","2933-UWP.gif","2933-UWP.txt",""<br></br>
"2933-Vehicle-2933 Kanat","2933-Vehicle-2933 Kanat.gif","2933-Vehicle-2933 Kanat.txt",""<br></br>
"2933-Worlds","2933-Worlds.gif","2933-Worlds.txt",""<br></br>
"Vland Sector","Vland Sector.gif","Vland Sector.txt",""<br></br>
