"2534 Zerapii Belts","2534 Zerapii Belts.gif","2534 Zerapii Belts.txt",""<br></br>
"2534 Zerapii Defences","2534 Zerapii Defences.gif","2534 Zerapii Defences.txt",""<br></br>
"2534 Zerapii Gas Giants","2534 Zerapii Gas Giants.gif","2534 Zerapii Gas Giants.txt",""<br></br>
"2534 Zerapii Population","2534 Zerapii Population.gif","2534 Zerapii Population.txt",""<br></br>
"2534 Zerapii SDBs","2534 Zerapii SDBs.gif","2534 Zerapii SDBs.txt",""<br></br>
"2534 Zerapii Squadrons","2534 Zerapii Squadrons.gif","2534 Zerapii Squadrons.txt",""<br></br>
"2534 Zerapii Troops","2534 Zerapii Troops.gif","2534 Zerapii Troops.txt",""<br></br>
"2534 Zerapii World","2534 Zerapii World.gif","2534 Zerapii World.txt",""<br></br>
"2534 Zerapii Worlds","2534 Zerapii Worlds.gif","2534 Zerapii Worlds.txt",""<br></br>
"2534 Zerapii","2534 Zerapii.gif","2534 Zerapii.txt",""<br></br>
"2534-Admiral","2534-Admiral.gif","2534-Admiral.txt",""<br></br>
"2534-Army","2534-Army.gif","2534-Army.txt",""<br></br>
"2534-Belts","2534-Belts.gif","2534-Belts.txt",""<br></br>
"2534-Blank","2534-Blank.gif","2534-Blank.txt",""<br></br>
"2534-Defences","2534-Defences.gif","2534-Defences.txt",""<br></br>
"2534-Equipment-2534 Zerapii","2534-Equipment-2534 Zerapii.gif","2534-Equipment-2534 Zerapii.txt",""<br></br>
"2534-Fleet","2534-Fleet.gif","2534-Fleet.txt",""<br></br>
"2534-Gas Giants","2534-Gas Giants.gif","2534-Gas Giants.txt",""<br></br>
"2534-Maps","2534-Maps.gif","2534-Maps.txt",""<br></br>
"2534-Marine","2534-Marine.gif","2534-Marine.txt",""<br></br>
"2534-Merchant","2534-Merchant.gif","2534-Merchant.txt",""<br></br>
"2534-Navy","2534-Navy.gif","2534-Navy.txt",""<br></br>
"2534-Orbitals","2534-Orbitals.gif","2534-Orbitals.txt",""<br></br>
"2534-Orbits","2534-Orbits.gif","2534-Orbits.txt",""<br></br>
"2534-Other","2534-Other.gif","2534-Other.txt",""<br></br>
"2534-Planets","2534-Planets.gif","2534-Planets.txt",""<br></br>
"2534-Population","2534-Population.gif","2534-Population.txt",""<br></br>
"2534-Scout","2534-Scout.gif","2534-Scout.txt",""<br></br>
"2534-SDBs","2534-SDBs.gif","2534-SDBs.txt",""<br></br>
"2534-Ship-2534 Zerapii","2534-Ship-2534 Zerapii.gif","2534-Ship-2534 Zerapii.txt",""<br></br>
"2534-Squadron","2534-Squadron.gif","2534-Squadron.txt",""<br></br>
"2534-Squadrons","2534-Squadrons.gif","2534-Squadrons.txt",""<br></br>
"2534-Stars","2534-Stars.gif","2534-Stars.txt",""<br></br>
"2534-Subsector","2534-Subsector.gif","2534-Subsector.txt",""<br></br>
"2534-System","2534-System.gif","2534-System.txt",""<br></br>
"2534-T5C-2534 Zerapii","2534-T5C-2534 Zerapii.gif","2534-T5C-2534 Zerapii.txt",""<br></br>
"2534-Troop","2534-Troop.gif","2534-Troop.txt",""<br></br>
"2534-Troops","2534-Troops.gif","2534-Troops.txt",""<br></br>
"2534-UWP","2534-UWP.gif","2534-UWP.txt",""<br></br>
"2534-Vehicle-2534 Zerapii","2534-Vehicle-2534 Zerapii.gif","2534-Vehicle-2534 Zerapii.txt",""<br></br>
"2534-Worlds","2534-Worlds.gif","2534-Worlds.txt",""<br></br>
"jLabel13","jLabel13.gif","jLabel13.txt",""<br></br>
"Vland Sector","Vland Sector.gif","Vland Sector.txt",""<br></br>
