"2640 Statia Belts","2640 Statia Belts.gif","2640 Statia Belts.txt",""<br></br>
"2640 Statia Defences","2640 Statia Defences.gif","2640 Statia Defences.txt",""<br></br>
"2640 Statia Gas Giants","2640 Statia Gas Giants.gif","2640 Statia Gas Giants.txt",""<br></br>
"2640 Statia Population","2640 Statia Population.gif","2640 Statia Population.txt",""<br></br>
"2640 Statia SDBs","2640 Statia SDBs.gif","2640 Statia SDBs.txt",""<br></br>
"2640 Statia Squadrons","2640 Statia Squadrons.gif","2640 Statia Squadrons.txt",""<br></br>
"2640 Statia Troops","2640 Statia Troops.gif","2640 Statia Troops.txt",""<br></br>
"2640 Statia World","2640 Statia World.gif","2640 Statia World.txt",""<br></br>
"2640 Statia Worlds","2640 Statia Worlds.gif","2640 Statia Worlds.txt",""<br></br>
"2640 Statia","2640 Statia.gif","2640 Statia.txt",""<br></br>
"2640-Admiral","2640-Admiral.gif","2640-Admiral.txt",""<br></br>
"2640-Army","2640-Army.gif","2640-Army.txt",""<br></br>
"2640-Belts","2640-Belts.gif","2640-Belts.txt",""<br></br>
"2640-Blank","2640-Blank.gif","2640-Blank.txt",""<br></br>
"2640-Defences","2640-Defences.gif","2640-Defences.txt",""<br></br>
"2640-Equipment-2640 Statia","2640-Equipment-2640 Statia.gif","2640-Equipment-2640 Statia.txt",""<br></br>
"2640-Fleet","2640-Fleet.gif","2640-Fleet.txt",""<br></br>
"2640-Gas Giants","2640-Gas Giants.gif","2640-Gas Giants.txt",""<br></br>
"2640-Maps","2640-Maps.gif","2640-Maps.txt",""<br></br>
"2640-Marine","2640-Marine.gif","2640-Marine.txt",""<br></br>
"2640-Merchant","2640-Merchant.gif","2640-Merchant.txt",""<br></br>
"2640-Navy","2640-Navy.gif","2640-Navy.txt",""<br></br>
"2640-Orbitals","2640-Orbitals.gif","2640-Orbitals.txt",""<br></br>
"2640-Orbits","2640-Orbits.gif","2640-Orbits.txt",""<br></br>
"2640-Other","2640-Other.gif","2640-Other.txt",""<br></br>
"2640-Planets","2640-Planets.gif","2640-Planets.txt",""<br></br>
"2640-Population","2640-Population.gif","2640-Population.txt",""<br></br>
"2640-Scout","2640-Scout.gif","2640-Scout.txt",""<br></br>
"2640-SDBs","2640-SDBs.gif","2640-SDBs.txt",""<br></br>
"2640-Ship-2640 Statia","2640-Ship-2640 Statia.gif","2640-Ship-2640 Statia.txt",""<br></br>
"2640-Squadron","2640-Squadron.gif","2640-Squadron.txt",""<br></br>
"2640-Squadrons","2640-Squadrons.gif","2640-Squadrons.txt",""<br></br>
"2640-Stars","2640-Stars.gif","2640-Stars.txt",""<br></br>
"2640-Subsector","2640-Subsector.gif","2640-Subsector.txt",""<br></br>
"2640-System","2640-System.gif","2640-System.txt",""<br></br>
"2640-T5C-2640 Statia","2640-T5C-2640 Statia.gif","2640-T5C-2640 Statia.txt",""<br></br>
"2640-Troop","2640-Troop.gif","2640-Troop.txt",""<br></br>
"2640-Troops","2640-Troops.gif","2640-Troops.txt",""<br></br>
"2640-UWP","2640-UWP.gif","2640-UWP.txt",""<br></br>
"2640-Vehicle-2640 Statia","2640-Vehicle-2640 Statia.gif","2640-Vehicle-2640 Statia.txt",""<br></br>
"2640-Worlds","2640-Worlds.gif","2640-Worlds.txt",""<br></br>
"jLabel13","jLabel13.gif","jLabel13.txt",""<br></br>
"Vland Sector","Vland Sector.gif","Vland Sector.txt",""<br></br>
